variant,N,E_min,E_max,b0@E0,db0,m_lnE,dm_lnE,z_m,m_per_decade,Delta_b_fit,Delta_b_data,R2w,RMSEw,chi2_ndf
z00to10,8,3,25,0.196743,0.00113696,0.00234718,0.00113696,2.06443,0.00540458,0.00497664,0.00934914,0.293999,0.00254226,1.70572
z10to20,8,3,25,0.194876,0.00115006,0.00497737,0.00115006,4.32792,0.0114608,0.0105533,0.0110471,0.87238,0.00140949,0.45669
z20to30,8,3,25,0.223332,0.00171311,-0.00463902,0.00171311,-2.70795,-0.0106817,-0.00983594,0.0123391,0.695133,0.00209015,0.53601
z30to45,8,3,25,0.272285,0.0028272,-0.0113083,0.0028272,-3.99984,-0.0260384,-0.0239766,0.0358051,0.582107,0.00668015,1.91423
z45to60,5,3,25,0.492627,0.0158317,-0.0757513,0.0158317,-4.78479,-0.174424,-0.160613,0.209988,0.902878,0.0144123,0.820909
