variant,N,E_min,E_max,b0@E0,db0,m_lnE,dm_lnE,z_m,m_per_decade,Delta_b_fit,Delta_b_data,R2w,RMSEw,chi2_ndf
z00to02,8,3,25,0.20559,0.00286629,-0.000231625,0.00286629,-0.0808099,-0.000533336,-0.000491106,0.0155683,0.00118235,0.00459017,0.919433
z02to04,8,3,25,0.205143,0.00284823,-0.00152944,0.00284823,-0.536979,-0.00352167,-0.00324282,0.0175043,0.0381425,0.00513266,1.2119
z04to06,8,3,25,0.188769,0.00236058,0.00656246,0.00236058,2.78002,0.0151106,0.0139141,0.0225026,0.572051,0.00421454,0.963607
z06to08,8,3,25,0.192301,0.00248964,0.00385069,0.00248964,1.54668,0.00886653,0.00816447,0.0186682,0.340285,0.00380533,0.772974
z08to10,8,3,25,0.197976,0.00248433,-0.000710892,0.00248433,-0.28615,-0.00163689,-0.00150728,0.0189254,0.00809124,0.0055616,1.67299
