variant,N,E_min,E_max,b0@E0,db0,m_lnE,dm_lnE,z_m,m_per_decade,Delta_b_fit,Delta_b_data,R2w,RMSEw,chi2_ndf
z00to10,8,3,25,0.179324,0.000515972,-0.00707253,0.000515972,-13.7072,-0.0162851,-0.0149956,0.0200333,0.821071,0.00213457,6.82414
z10to20,8,3,25,0.178985,0.000521988,-0.00678623,0.000521988,-13.0007,-0.0156259,-0.0143886,0.0171731,0.885418,0.00162925,3.64546
z20to30,8,3,25,0.179716,0.000578796,-0.00743047,0.000578796,-12.8378,-0.0171093,-0.0157546,0.02095,0.84682,0.00206355,4.96867
z30to45,8,3,25,0.179746,0.000566139,-0.00655263,0.000566139,-11.5743,-0.015088,-0.0138933,0.0166894,0.879143,0.00160296,3.06936
z45to60,8,3,25,0.177258,0.000725534,-0.0043434,0.000725534,-5.98648,-0.010001,-0.00920914,0.011193,0.764912,0.00173086,1.83574
