variant,N,E_min,E_max,b0@E0,db0,m_lnE,dm_lnE,z_m,m_per_decade,Delta_b_fit,Delta_b_data,R2w,RMSEw,chi2_ndf
z00to02,8,3,25,0.181806,0.00121452,-0.00754685,0.00121452,-6.21386,-0.0173773,-0.0160013,0.0239491,0.684375,0.00329009,2.9679
z02to04,8,3,25,0.183286,0.00121747,-0.00922574,0.00121747,-7.57778,-0.0212431,-0.019561,0.0200065,0.965455,0.00110616,0.342443
z04to06,8,3,25,0.183794,0.00125151,-0.00906687,0.00125151,-7.24474,-0.0208772,-0.0192242,0.0263009,0.765883,0.00312224,2.67402
z06to08,8,3,25,0.176687,0.00113463,-0.00546874,0.00113463,-4.81983,-0.0125922,-0.0115952,0.0134955,0.818081,0.00171008,0.860979
z08to10,8,3,25,0.177502,0.00117154,-0.00565219,0.00117154,-4.8246,-0.0130146,-0.0119841,0.019868,0.582739,0.00312167,2.77782
