variant,N,E_min,E_max,b0@E0,db0,m_lnE,dm_lnE,z_m,m_per_decade,Delta_b_fit,Delta_b_data,R2w,RMSEw,chi2_ndf
z00to02,8,3,25,0.200826,0.0018529,0.00175758,0.0018529,0.948552,0.00404697,0.00372653,0.00758181,0.238857,0.00218206,0.477859
z02to04,8,3,25,0.201909,0.00184516,0.000733874,0.00184516,0.39773,0.00168981,0.00155601,0.0101813,0.0470127,0.00230019,0.534437
z04to06,8,3,25,0.191661,0.00164579,0.00460097,0.00164579,2.79561,0.0105941,0.00975526,0.00990029,0.844221,0.00142664,0.240354
z06to08,8,3,25,0.192024,0.0016892,0.00443364,0.0016892,2.6247,0.0102088,0.00940049,0.0111835,0.644276,0.00235004,0.63394
z08to10,8,3,25,0.195643,0.00165786,0.000262988,0.00165786,0.15863,0.000605551,0.000557603,0.00917342,0.00379059,0.00300693,1.10221
