variant,N,E_min,E_max,b0@E0,db0,m_lnE,dm_lnE,z_m,m_per_decade,Delta_b_fit,Delta_b_data,R2w,RMSEw,chi2_ndf
z00to02,8,3,25,0.180036,0.00118472,-0.00688682,0.00118472,-5.81305,-0.0158575,-0.0146019,0.023263,0.59887,0.00362211,3.77233
z02to04,8,3,25,0.180729,0.00116997,-0.00822848,0.00116997,-7.0331,-0.0189468,-0.0174465,0.017923,0.927304,0.00147046,0.646298
z04to06,8,3,25,0.181935,0.00120014,-0.00879278,0.00120014,-7.32644,-0.0202461,-0.018643,0.027409,0.730779,0.00333276,3.29578
z06to08,8,3,25,0.175603,0.00110129,-0.00519692,0.00110129,-4.71893,-0.0119663,-0.0110188,0.0123357,0.755133,0.00198614,1.20349
z08to10,8,3,25,0.176822,0.0011452,-0.00558253,0.0011452,-4.8747,-0.0128542,-0.0118364,0.0196798,0.541478,0.00335803,3.3537
