variant,N,E_min,E_max,b0@E0,db0,m_lnE,dm_lnE,z_m,m_per_decade,Delta_b_fit,Delta_b_data,R2w,RMSEw,chi2_ndf
z00to02,8,3,25,0.181415,0.00179282,-0.00644418,0.00179282,-3.59445,-0.0148383,-0.0136634,0.0221924,0.561077,0.00367266,1.68453
z02to04,8,3,25,0.178451,0.00170227,-0.00728462,0.00170227,-4.27935,-0.0167735,-0.0154453,0.0183672,0.911612,0.00144637,0.295928
z04to06,8,3,25,0.183033,0.00177476,-0.00934707,0.00177476,-5.26665,-0.0215224,-0.0198183,0.0265984,0.809197,0.00283108,1.09006
z06to08,8,3,25,0.180973,0.00168458,-0.00876463,0.00168458,-5.20284,-0.0201813,-0.0185833,0.0206785,0.919159,0.0016694,0.396798
z08to10,8,3,25,0.176635,0.00173524,-0.00456835,0.00173524,-2.63269,-0.010519,-0.00968611,0.0235207,0.340814,0.00410391,2.23428
