variant,N,E_min,E_max,b0@E0,db0,m_lnE,dm_lnE,z_m,m_per_decade,Delta_b_fit,Delta_b_data,R2w,RMSEw,chi2_ndf
z00to10,8,3,25,0.198926,0.000799658,0.00128238,0.000799658,1.60366,0.00295279,0.00271898,0.00591643,0.223235,0.00166994,1.49143
z10to20,8,3,25,0.1957,0.000799675,0.00406577,0.000799675,5.08428,0.00936178,0.00862051,0.00900067,0.838796,0.00130746,0.827992
z20to30,8,3,25,0.226021,0.00122747,-0.00530572,0.00122747,-4.3225,-0.0122169,-0.0112495,0.0134696,0.849678,0.00150865,0.550918
z30to45,8,3,25,0.28134,0.00210482,-0.0120985,0.00210482,-5.748,-0.0278579,-0.0256521,0.0346752,0.546235,0.00779746,4.57439
z45to60,4,7,25,0.968535,0.0582591,-0.275269,0.0582591,-4.7249,-0.63383,-0.350408,0.381512,0.950784,0.0122467,0.577801
