variant,N,E_min,E_max,b0@E0,db0,m_lnE,dm_lnE,z_m,m_per_decade,Delta_b_fit,Delta_b_data,R2w,RMSEw,chi2_ndf
z00to10,8,3,25,0.180395,0.000769962,-0.00743661,0.000769962,-9.65841,-0.0171234,-0.0157676,0.0220146,0.827295,0.00217431,3.24567
z10to20,8,3,25,0.181379,0.000784081,-0.00732474,0.000784081,-9.34182,-0.0168658,-0.0155304,0.018744,0.872732,0.0018642,2.12105
z20to30,8,3,25,0.181418,0.000873341,-0.00795265,0.000873341,-9.10601,-0.0183117,-0.0168617,0.0226935,0.844853,0.0021942,2.53787
z30to45,8,3,25,0.179786,0.000840553,-0.00572611,0.000840553,-6.81231,-0.0131849,-0.0121409,0.0149324,0.858062,0.00155016,1.27944
z45to60,8,3,25,0.178255,0.00110342,-0.003946,0.00110342,-3.57614,-0.00908601,-0.00836657,0.0107725,0.597869,0.00231967,1.43364
