variant,N,E_min,E_max,b0@E0,db0,m_lnE,dm_lnE,z_m,m_per_decade,Delta_b_fit,Delta_b_data,R2w,RMSEw,chi2_ndf
z00to10,8,3,25,0.196354,0.000767662,0.00240413,0.000767662,3.13175,0.00553571,0.00509738,0.0070669,0.604794,0.00137399,1.06817
z10to20,8,3,25,0.19535,0.00078773,0.00399203,0.00078773,5.06776,0.00919198,0.00846415,0.00917834,0.907938,0.000932348,0.434015
z20to30,8,3,25,0.224038,0.00117791,-0.00503917,0.00117791,-4.27807,-0.0116031,-0.0106844,0.0124751,0.868797,0.00132733,0.460648
z30to45,8,3,25,0.277331,0.00197458,-0.012177,0.00197458,-6.1669,-0.0280387,-0.0258185,0.0324014,0.597629,0.00701819,4.26753
z45to60,6,3,25,0.559047,0.0162692,-0.0899126,0.0162692,-5.52657,-0.207031,-0.190638,0.179976,0.827637,0.0212974,1.59021
