variant,N,E_min,E_max,b0@E0,db0,m_lnE,dm_lnE,z_m,m_per_decade,Delta_b_fit,Delta_b_data,R2w,RMSEw,chi2_ndf
z00to10,8,3,25,0.180031,0.000756483,-0.00736222,0.000756483,-9.73218,-0.0169521,-0.0156099,0.0211717,0.813341,0.00226903,3.62281
z10to20,8,3,25,0.181089,0.000767985,-0.00754748,0.000767985,-9.82764,-0.0173787,-0.0160027,0.0188891,0.860269,0.00203959,2.6146
z20to30,8,3,25,0.181634,0.000860274,-0.00767057,0.000860274,-8.91642,-0.0176621,-0.0162636,0.020759,0.86973,0.00194349,1.98467
z30to45,8,3,25,0.179838,0.000845227,-0.00565138,0.000845227,-6.68623,-0.0130128,-0.0119824,0.0150916,0.816029,0.00177511,1.6798
z45to60,8,3,25,0.177816,0.00108819,-0.00394524,0.00108819,-3.6255,-0.00908426,-0.00836496,0.011066,0.618413,0.00222456,1.35176
