variant,N,E_min,E_max,b0@E0,db0,m_lnE,dm_lnE,z_m,m_per_decade,Delta_b_fit,Delta_b_data,R2w,RMSEw,chi2_ndf
z00to02,8,3,25,0.199978,0.0027247,0.00250089,0.0027247,0.91786,0.00575851,0.00530254,0.0128511,0.164882,0.00389191,0.711177
z02to04,8,3,25,0.19871,0.0027036,0.00132806,0.0027036,0.491219,0.00305797,0.00281584,0.0094466,0.0616663,0.00347737,0.611941
z04to06,8,3,25,0.1878,0.00241357,0.00730721,0.00241357,3.02755,0.0168255,0.0154932,0.0159603,0.775678,0.00283594,0.441798
z06to08,8,3,25,0.195739,0.00255293,0.0020999,0.00255293,0.822543,0.00483519,0.00445234,0.022612,0.0862003,0.00477661,1.19539
z08to10,8,3,25,0.20066,0.00253961,-0.00143789,0.00253961,-0.566187,-0.00331087,-0.00304871,0.0141377,0.0590333,0.00402599,0.851619
