variant,N,E_min,E_max,b0@E0,db0,m_lnE,dm_lnE,z_m,m_per_decade,Delta_b_fit,Delta_b_data,R2w,RMSEw,chi2_ndf
z00to10,8,3,25,0.179281,0.00051567,-0.0070556,0.00051567,-13.6824,-0.0162461,-0.0149597,0.0199926,0.819634,0.00214019,6.86607
z10to20,8,3,25,0.178984,0.00052195,-0.00678847,0.00052195,-13.006,-0.015631,-0.0143934,0.01718,0.885646,0.00162766,3.64021
z20to30,8,3,25,0.179696,0.000578509,-0.00741975,0.000578509,-12.8257,-0.0170846,-0.0157318,0.0209143,0.847149,0.00205851,4.94672
z30to45,8,3,25,0.179737,0.000565935,-0.00655298,0.000565935,-11.579,-0.0150888,-0.013894,0.0166724,0.879696,0.00159898,3.05592
z45to60,8,3,25,0.177291,0.000725536,-0.00436008,0.000725536,-6.00946,-0.0100395,-0.00924452,0.0112402,0.765182,0.00173612,1.84708
