variant,N,E_min,E_max,b0@E0,db0,m_lnE,dm_lnE,z_m,m_per_decade,Delta_b_fit,Delta_b_data,R2w,RMSEw,chi2_ndf
z00to10,8,3,25,0.180762,0.000531854,-0.00745686,0.000531854,-14.0205,-0.0171701,-0.0158105,0.02061,0.85221,0.00199951,5.68168
z10to20,8,3,25,0.180147,0.000533759,-0.00705151,0.000533759,-13.211,-0.0162367,-0.0149511,0.0178562,0.895513,0.00160561,3.39402
z20to30,8,3,25,0.181193,0.000598184,-0.00780848,0.000598184,-13.0536,-0.0179797,-0.016556,0.022069,0.849073,0.00213847,5.04815
z30to45,8,3,25,0.180389,0.00058698,-0.00635421,0.00058698,-10.8253,-0.0146311,-0.0134726,0.0168813,0.851703,0.00174559,3.40071
z45to60,8,3,25,0.179107,0.000775623,-0.00494704,0.000775623,-6.37815,-0.011391,-0.010489,0.0138438,0.700207,0.00231726,2.90291
