variant,N,E_min,E_max,b0@E0,db0,m_lnE,dm_lnE,z_m,m_per_decade,Delta_b_fit,Delta_b_data,R2w,RMSEw,chi2_ndf
z00to02,8,3,25,0.180016,0.00118515,-0.00686338,0.00118515,-5.79115,-0.0158035,-0.0145522,0.0232873,0.595672,0.00363419,3.79407
z02to04,8,3,25,0.180759,0.00117055,-0.0082325,0.00117055,-7.033,-0.018956,-0.0174551,0.0178935,0.928056,0.00146296,0.639076
z04to06,8,3,25,0.182053,0.00120093,-0.00885025,0.00120093,-7.36949,-0.0203785,-0.0187649,0.0274317,0.737851,0.00329409,3.2159
z06to08,8,3,25,0.175652,0.00110232,-0.00522455,0.00110232,-4.73958,-0.01203,-0.0110774,0.0124703,0.753628,0.0020035,1.22395
z08to10,8,3,25,0.17686,0.00114581,-0.0056015,0.00114581,-4.8887,-0.0128979,-0.0118767,0.0197104,0.545153,0.00334407,3.3234
