variant,N,E_min,E_max,b0@E0,db0,m_lnE,dm_lnE,z_m,m_per_decade,Delta_b_fit,Delta_b_data,R2w,RMSEw,chi2_ndf
z00to02,8,3,25,0.192662,0.000848843,-0.00388284,0.000848843,-4.57428,-0.00894058,-0.00823265,0.0101473,0.792154,0.00130201,0.915008
z02to04,8,3,25,0.192282,0.000838849,-0.00435742,0.000838849,-5.19452,-0.0100333,-0.00923888,0.0113538,0.88339,0.0010331,0.593639
z04to06,8,3,25,0.188251,0.000809716,-0.00177091,0.000809716,-2.18708,-0.00407767,-0.0037548,0.00574662,0.498262,0.0011939,0.802777
z06to08,8,3,25,0.190039,0.000820574,-0.00290561,0.000820574,-3.54096,-0.00669042,-0.00616067,0.00738371,0.81263,0.000930745,0.481833
z08to10,8,3,25,0.191998,0.000818826,-0.00499339,0.000818826,-6.09822,-0.0114977,-0.0105873,0.00971458,0.904636,0.00106613,0.65338
