variant,N,E_min,E_max,b0@E0,db0,m_lnE,dm_lnE,z_m,m_per_decade,Delta_b_fit,Delta_b_data,R2w,RMSEw,chi2_ndf
z00to02,8,3,25,0.182061,0.00097459,-0.00674642,0.00097459,-6.92232,-0.0155342,-0.0143042,0.0146014,0.824341,0.0020126,1.70183
z02to04,8,3,25,0.183525,0.00102281,-0.00802526,0.00102281,-7.84627,-0.0184788,-0.0170157,0.0226834,0.864393,0.00194383,1.6097
z04to06,8,3,25,0.184205,0.00104431,-0.0074375,0.00104431,-7.12192,-0.0171255,-0.0157695,0.0240364,0.720566,0.00284175,3.2783
z06to08,8,3,25,0.179116,0.000965415,-0.00539366,0.000965415,-5.58688,-0.0124194,-0.011436,0.0133938,0.786422,0.00181514,1.41282
z08to10,8,3,25,0.181118,0.000992009,-0.00692638,0.000992009,-6.98217,-0.0159486,-0.0146858,0.0175582,0.868991,0.0016913,1.22494
