series,variant,residual,E,mu,dmu,sigma,dsigma
0,Constant-b (Production) Uncorr,phi,3,5.27568e-05,1.44983e-05,0.00683857,1.02518e-05
0,Constant-b (Production) Uncorr,phi,5,0.000102991,1.63955e-05,0.00716809,1.15934e-05
0,Constant-b (Production) Uncorr,phi,7,0.000217868,1.87673e-05,0.00663727,1.32705e-05
0,Constant-b (Production) Uncorr,phi,9,0.000229884,1.8158e-05,0.00577223,1.28397e-05
0,Constant-b (Production) Uncorr,phi,11,0.000254754,1.64223e-05,0.00511127,1.16123e-05
0,Constant-b (Production) Uncorr,phi,13.5,0.000278241,1.19277e-05,0.00470805,8.43417e-06
0,Constant-b (Production) Uncorr,phi,17.5,0.000194285,7.93595e-06,0.00434021,5.61156e-06
0,Constant-b (Production) Uncorr,phi,25,-6.33864e-05,4.54777e-06,0.00385941,3.21576e-06
1,(Production) CP(EA E-only),phi,3,5.35996e-06,1.45989e-05,0.00688603,1.0323e-05
1,(Production) CP(EA E-only),phi,5,0.000194013,1.66204e-05,0.00726642,1.17524e-05
1,(Production) CP(EA E-only),phi,7,0.000397143,1.82622e-05,0.00645862,1.29133e-05
1,(Production) CP(EA E-only),phi,9,0.000328268,1.69906e-05,0.00540113,1.20142e-05
1,(Production) CP(EA E-only),phi,11,0.000290658,1.52474e-05,0.00474558,1.07815e-05
1,(Production) CP(EA E-only),phi,13.5,0.000237458,1.11401e-05,0.00439718,7.87727e-06
1,(Production) CP(EA E-only),phi,17.5,0.000138204,7.33147e-06,0.00400962,5.18413e-06
1,(Production) CP(EA E-only),phi,25,-0.000135389,3.98866e-06,0.00338493,2.82041e-06
