series,variant,residual,E,mu,dmu,sigma,dsigma
0,Constant-b (Production) Uncorr,phi,3,5.27568e-05,1.44983e-05,0.00683857,1.02518e-05
0,Constant-b (Production) Uncorr,phi,5,0.000102991,1.63955e-05,0.00716809,1.15934e-05
0,Constant-b (Production) Uncorr,phi,7,0.000217868,1.87673e-05,0.00663727,1.32705e-05
0,Constant-b (Production) Uncorr,phi,9,0.000229884,1.8158e-05,0.00577223,1.28397e-05
0,Constant-b (Production) Uncorr,phi,11,0.000254754,1.64223e-05,0.00511127,1.16123e-05
0,Constant-b (Production) Uncorr,phi,13.5,0.000278241,1.19277e-05,0.00470805,8.43417e-06
0,Constant-b (Production) Uncorr,phi,17.5,0.000194285,7.93595e-06,0.00434021,5.61156e-06
0,Constant-b (Production) Uncorr,phi,25,-6.33864e-05,4.54777e-06,0.00385941,3.21576e-06
1,(Production) CP(|vz| + E),phi,3,5.89034e-06,1.45995e-05,0.00688631,1.03234e-05
1,(Production) CP(|vz| + E),phi,5,0.000194149,1.6623e-05,0.00726753,1.17542e-05
1,(Production) CP(|vz| + E),phi,7,0.000403627,1.82622e-05,0.00645864,1.29134e-05
1,(Production) CP(|vz| + E),phi,9,0.000330287,1.69848e-05,0.00539927,1.20101e-05
1,(Production) CP(|vz| + E),phi,11,0.000293909,1.52442e-05,0.0047446,1.07793e-05
1,(Production) CP(|vz| + E),phi,13.5,0.000241913,1.11432e-05,0.00439838,7.87941e-06
1,(Production) CP(|vz| + E),phi,17.5,0.000145419,7.33498e-06,0.00401154,5.18662e-06
1,(Production) CP(|vz| + E),phi,25,-0.000129233,3.99198e-06,0.00338775,2.82276e-06
