series,variant,residual,E,mu,dmu,sigma,dsigma
0,Constant-b (Production) Uncorr,eta,3,1.4791e-06,3.32209e-05,0.0156679,2.34907e-05
0,Constant-b (Production) Uncorr,eta,5,4.67675e-05,2.81994e-05,0.0123275,1.994e-05
0,Constant-b (Production) Uncorr,eta,7,5.19309e-05,2.70559e-05,0.00956839,1.91314e-05
0,Constant-b (Production) Uncorr,eta,9,6.53073e-05,2.38368e-05,0.00757744,1.68552e-05
0,Constant-b (Production) Uncorr,eta,11,4.81057e-06,2.0051e-05,0.00624067,1.41782e-05
0,Constant-b (Production) Uncorr,eta,13.5,8.20282e-06,1.33428e-05,0.0052666,9.43478e-06
0,Constant-b (Production) Uncorr,eta,17.5,4.8829e-06,8.28772e-06,0.00453259,5.8603e-06
0,Constant-b (Production) Uncorr,eta,25,1.55252e-05,4.80435e-06,0.00407715,3.39719e-06
1,(Production) CP(EA |#eta|+E),eta,3,2.37559e-06,3.23291e-05,0.0152486,2.28601e-05
1,(Production) CP(EA |#eta|+E),eta,5,6.6941e-05,2.71284e-05,0.0118602,1.91827e-05
1,(Production) CP(EA |#eta|+E),eta,7,7.24531e-05,2.58412e-05,0.00913896,1.82725e-05
1,(Production) CP(EA |#eta|+E),eta,9,8.91958e-05,2.27788e-05,0.00724111,1.6107e-05
1,(Production) CP(EA |#eta|+E),eta,11,3.38495e-05,1.92922e-05,0.00600449,1.36416e-05
1,(Production) CP(EA |#eta|+E),eta,13.5,1.7914e-05,1.28981e-05,0.00509109,9.12036e-06
1,(Production) CP(EA |#eta|+E),eta,17.5,1.21847e-05,7.92267e-06,0.00433295,5.60217e-06
1,(Production) CP(EA |#eta|+E),eta,25,1.94019e-05,4.37619e-06,0.0037138,3.09443e-06
