variant,N,E_min,E_max,b0@E0,db0,m_lnE,dm_lnE,z_m,m_per_decade,Delta_b_fit,Delta_b_data,R2w,RMSEw,chi2_ndf
z00to10,8,3,25,0.18891,0.000364775,-0.0025811,0.000364775,-7.07587,-0.0059432,-0.00547261,0.00749864,0.73107,0.00104117,3.06965
z10to20,8,3,25,0.192528,0.000382749,-0.00215901,0.000382749,-5.6408,-0.00497131,-0.00457767,0.00530348,0.829382,0.000667814,1.09094
z20to30,8,3,25,0.208197,0.000486416,-0.00561295,0.000486416,-11.5394,-0.0129243,-0.0119009,0.0118965,0.932263,0.000999878,1.61251
z30to45,8,3,25,0.234959,0.000591896,-0.00916066,0.000591896,-15.4768,-0.0210932,-0.019423,0.0177294,0.950431,0.00138796,2.08208
z45to60,8,3,25,0.319931,0.00157946,-0.00141465,0.00157946,-0.895656,-0.00325736,-0.00299944,0.0257295,0.0106415,0.0101989,12.4303
