variant,N,E_min,E_max,b0@E0,db0,m_lnE,dm_lnE,z_m,m_per_decade,Delta_b_fit,Delta_b_data,R2w,RMSEw,chi2_ndf
z00to02,8,3,25,0.188613,0.000823578,-0.00220999,0.000823578,-2.6834,-0.00508868,-0.00468576,0.00762605,0.487246,0.00150314,1.26293
z02to04,8,3,25,0.187915,0.000812487,-0.00262942,0.000812487,-3.23625,-0.00605445,-0.00557505,0.00917459,0.544047,0.00159064,1.46291
z04to06,8,3,25,0.186888,0.000808389,-0.0012992,0.000808389,-1.60714,-0.00299151,-0.00275464,0.00685083,0.304209,0.00131898,0.984612
z06to08,8,3,25,0.189899,0.000833737,-0.00269698,0.000833737,-3.23481,-0.00621003,-0.00571831,0.00919013,0.532247,0.00167637,1.53267
z08to10,8,3,25,0.190964,0.000819679,-0.00395622,0.000819679,-4.82654,-0.00910952,-0.00838822,0.0084463,0.7719,0.00143058,1.14733
