variant,N,E_min,E_max,b0@E0,db0,m_lnE,dm_lnE,z_m,m_per_decade,Delta_b_fit,Delta_b_data,R2w,RMSEw,chi2_ndf
z00to10,8,3,25,0.188917,0.000365163,-0.00256471,0.000365163,-7.02348,-0.00590547,-0.00543787,0.00745967,0.729524,0.001039,3.0482
z10to20,8,3,25,0.192539,0.000383467,-0.00211021,0.000383467,-5.50298,-0.00485894,-0.0044742,0.00515061,0.823504,0.000666847,1.08171
z20to30,8,3,25,0.208199,0.000486572,-0.00568564,0.000486572,-11.6851,-0.0130917,-0.0120551,0.0120475,0.935943,0.000982969,1.55751
z30to45,8,3,25,0.23491,0.000591407,-0.00932677,0.000591407,-15.7705,-0.0214757,-0.0197752,0.0180923,0.952307,0.00138261,2.07595
z45to60,8,3,25,0.319688,0.00158102,-0.00147193,0.00158102,-0.931,-0.00338924,-0.00312088,0.0248417,0.0116477,0.0101319,12.258
