variant,N,E_min,E_max,b0@E0,db0,m_lnE,dm_lnE,z_m,m_per_decade,Delta_b_fit,Delta_b_data,R2w,RMSEw,chi2_ndf
z00to10,8,3,25,0.188748,0.000525866,-0.00218155,0.000525866,-4.14848,-0.0050232,-0.00462545,0.00745972,0.542711,0.00133164,2.41685
z10to20,8,3,25,0.192579,0.000553932,-0.00195246,0.000553932,-3.52472,-0.0044957,-0.00413972,0.00708811,0.526149,0.00125776,1.8648
z20to30,8,3,25,0.208837,0.000702989,-0.005918,0.000702989,-8.41834,-0.0136267,-0.0125477,0.0131763,0.975906,0.000610966,0.291609
z30to45,8,3,25,0.23503,0.000851957,-0.00939218,0.000851957,-11.0242,-0.0216263,-0.0199139,0.0188687,0.924466,0.00177009,1.65501
z45to60,8,3,25,0.32342,0.00229811,-0.0033865,0.00229811,-1.4736,-0.0077977,-0.00718027,0.0293921,0.0434548,0.0118897,7.96668
