variant,N,E_min,E_max,b0@E0,db0,m_lnE,dm_lnE,z_m,m_per_decade,Delta_b_fit,Delta_b_data,R2w,RMSEw,chi2_ndf
z00to10,8,3,25,0.180962,0.000294636,-0.00649646,0.000294636,-22.0491,-0.0149587,-0.0137742,0.0173807,0.88424,0.00151053,10.6077
z10to20,8,3,25,0.181507,0.000294298,-0.00660071,0.000294298,-22.4287,-0.0151987,-0.0139952,0.0176548,0.874932,0.00163709,11.9847
z20to30,8,3,25,0.179526,0.000301938,-0.00612817,0.000301938,-20.2961,-0.0141106,-0.0129933,0.0167635,0.883867,0.00144764,9.02075
z30to45,8,3,25,0.17864,0.000257316,-0.00631276,0.000257316,-24.5331,-0.0145357,-0.0133847,0.0156727,0.929457,0.00113,7.61334
z45to60,8,3,25,0.176345,0.00026706,-0.00631411,0.00026706,-23.643,-0.0145388,-0.0133876,0.0151412,0.952132,0.000931465,4.68385
