variant,N,E_min,E_max,b0@E0,db0,m_lnE,dm_lnE,z_m,m_per_decade,Delta_b_fit,Delta_b_data,R2w,RMSEw,chi2_ndf
z00to10,8,3,25,0.181844,0.000305413,-0.0065061,0.000305413,-21.3026,-0.0149808,-0.0137946,0.0182625,0.851559,0.0017394,13.1843
z10to20,8,3,25,0.182586,0.000305185,-0.0067118,0.000305185,-21.9926,-0.0154545,-0.0142308,0.0180538,0.879149,0.00162599,11.0813
z20to30,8,3,25,0.180674,0.000313509,-0.00625024,0.000313509,-19.9364,-0.0143917,-0.0132522,0.0174061,0.863004,0.00161633,10.5157
z30to45,8,3,25,0.179752,0.000267033,-0.00643908,0.000267033,-24.1134,-0.0148265,-0.0136525,0.0163561,0.93396,0.00110832,6.85242
z45to60,8,3,25,0.177612,0.000276577,-0.00664733,0.000276577,-24.0343,-0.015306,-0.0140941,0.0161062,0.947388,0.00102572,5.34649
