variant,N,E_min,E_max,b0@E0,db0,m_lnE,dm_lnE,z_m,m_per_decade,Delta_b_fit,Delta_b_data,R2w,RMSEw,chi2_ndf
z00to02,8,3,25,0.181538,0.00065529,-0.00659618,0.00065529,-10.0661,-0.0151883,-0.0139856,0.0163671,0.865158,0.00169224,2.63207
z02to04,8,3,25,0.182062,0.000666632,-0.00726632,0.000666632,-10.9,-0.0167313,-0.0154065,0.0184754,0.937684,0.00118918,1.31598
z04to06,8,3,25,0.18308,0.000684917,-0.00738408,0.000684917,-10.781,-0.0170025,-0.0156562,0.0225274,0.778906,0.00246852,5.49866
z06to08,8,3,25,0.178271,0.000642519,-0.00516819,0.000642519,-8.04363,-0.0119002,-0.0109579,0.0128309,0.860677,0.00136223,1.74557
z08to10,8,3,25,0.179551,0.0006577,-0.00592457,0.0006577,-9.00801,-0.0136418,-0.0125617,0.0171587,0.790591,0.00196203,3.5822
