variant,N,E_min,E_max,b0@E0,db0,m_lnE,dm_lnE,z_m,m_per_decade,Delta_b_fit,Delta_b_data,R2w,RMSEw,chi2_ndf
z00to02,8,3,25,0.183468,0.0009827,-0.00685723,0.0009827,-6.97795,-0.0157894,-0.0145391,0.0164804,0.794895,0.00226526,2.09397
z02to04,8,3,25,0.181521,0.000986506,-0.00664155,0.000986506,-6.73239,-0.0152927,-0.0140818,0.0186847,0.852783,0.00174312,1.30409
z04to06,8,3,25,0.181379,0.00099732,-0.00644363,0.00099732,-6.46094,-0.014837,-0.0136622,0.0224489,0.655443,0.00293113,3.65736
z06to08,8,3,25,0.179911,0.000954008,-0.00577217,0.000954008,-6.05045,-0.0132909,-0.0122385,0.0135585,0.798754,0.00188922,1.53723
z08to10,8,3,25,0.181261,0.000989568,-0.00617495,0.000989568,-6.24005,-0.0142184,-0.0130925,0.0207566,0.617196,0.00309803,4.0251
