variant,N,E_min,E_max,b0@E0,db0,m_lnE,dm_lnE,z_m,m_per_decade,Delta_b_fit,Delta_b_data,R2w,RMSEw,chi2_ndf
z00to02,8,3,25,0.187972,0.00117531,-0.0018355,0.00117531,-1.56172,-0.0042264,-0.00389175,0.00820653,0.268817,0.00201458,1.10567
z02to04,8,3,25,0.185723,0.00116646,-0.0016381,0.00116646,-1.40434,-0.00377186,-0.0034732,0.0100721,0.238026,0.00191899,1.05222
z04to06,8,3,25,0.185728,0.0011568,4.82134e-05,0.0011568,0.0416782,0.000111016,0.000102225,0.0072099,0.000365167,0.00171837,0.79253
z06to08,8,3,25,0.191011,0.00122368,-0.00307683,0.00122368,-2.5144,-0.00708467,-0.0065237,0.0129915,0.414394,0.00239122,1.48905
z08to10,8,3,25,0.192846,0.001199,-0.00421439,0.001199,-3.51491,-0.009704,-0.00893563,0.0104454,0.675532,0.00194678,0.989018
