variant,N,E_min,E_max,b0@E0,db0,m_lnE,dm_lnE,z_m,m_per_decade,Delta_b_fit,Delta_b_data,R2w,RMSEw,chi2_ndf
z00to02,8,3,25,0.18154,0.000655226,-0.00659921,0.000655226,-10.0717,-0.0151952,-0.0139921,0.0163699,0.865934,0.00168713,2.6175
z02to04,8,3,25,0.182047,0.000666474,-0.00725752,0.000666474,-10.8894,-0.0167111,-0.0153879,0.0184852,0.937,0.00119471,1.32879
z04to06,8,3,25,0.183048,0.000684715,-0.00736951,0.000684715,-10.7629,-0.0169689,-0.0156253,0.0225206,0.778012,0.00246998,5.50872
z06to08,8,3,25,0.178242,0.000642096,-0.0051602,0.000642096,-8.0365,-0.0118818,-0.010941,0.012764,0.862926,0.00134765,1.70988
z08to10,8,3,25,0.179537,0.000657476,-0.00591844,0.000657476,-9.00176,-0.0136277,-0.0125486,0.0171715,0.788611,0.00197193,3.62012
