variant,N,E_min,E_max,b0@E0,db0,m_lnE,dm_lnE,z_m,m_per_decade,Delta_b_fit,Delta_b_data,R2w,RMSEw,chi2_ndf
z00to02,8,3,25,0.182593,0.000679713,-0.0065512,0.000679713,-9.63819,-0.0150847,-0.0138903,0.016305,0.867495,0.00166364,2.36486
z02to04,8,3,25,0.183289,0.000689126,-0.00761219,0.000689126,-11.0462,-0.0175277,-0.0161399,0.0196414,0.931066,0.00131025,1.50566
z04to06,8,3,25,0.183314,0.000703364,-0.00704828,0.000703364,-10.0208,-0.0162293,-0.0149442,0.0221253,0.746684,0.00258624,5.6778
z06to08,8,3,25,0.179556,0.000669751,-0.0054594,0.000669751,-8.15138,-0.0125707,-0.0115754,0.0147975,0.808416,0.00172515,2.62444
z08to10,8,3,25,0.180156,0.000686101,-0.00571867,0.000686101,-8.33503,-0.0131677,-0.0121251,0.0187179,0.695428,0.00241374,5.07108
