variant,N,E_min,E_max,b0@E0,db0,m_lnE,dm_lnE,z_m,m_per_decade,Delta_b_fit,Delta_b_data,R2w,RMSEw,chi2_ndf
z00to02,8,3,25,0.18861,0.00117779,-0.00248749,0.00117779,-2.11201,-0.00572767,-0.00527414,0.00866483,0.37765,0.0021299,1.22514
z02to04,8,3,25,0.188639,0.00118719,-0.00312086,0.00118719,-2.62879,-0.00718605,-0.00661705,0.0121783,0.410036,0.00244857,1.65716
z04to06,8,3,25,0.184549,0.0011491,0.000142183,0.0011491,0.123734,0.000327388,0.000301465,0.00834186,0.00191184,0.00221743,1.33211
z06to08,8,3,25,0.189534,0.00120436,-0.00263674,0.00120436,-2.18933,-0.00607131,-0.00559058,0.0103312,0.467084,0.00186216,0.911452
z08to10,8,3,25,0.192664,0.00119344,-0.00480254,0.00119344,-4.02413,-0.0110583,-0.0101827,0.0114459,0.691384,0.00213425,1.20474
