variant,N,E_min,E_max,b0@E0,db0,m_lnE,dm_lnE,z_m,m_per_decade,Delta_b_fit,Delta_b_data,R2w,RMSEw,chi2_ndf
z00to10,8,3,25,0.181908,0.000440136,-0.00662973,0.000440136,-15.0629,-0.0152655,-0.0140568,0.0182157,0.861088,0.00170414,6.1004
z10to20,8,3,25,0.182915,0.000442454,-0.00669806,0.000442454,-15.1384,-0.0154228,-0.0142016,0.0179585,0.87241,0.00167423,5.58607
z20to30,8,3,25,0.181374,0.000457191,-0.00656987,0.000457191,-14.3701,-0.0151277,-0.0139299,0.0180218,0.866151,0.00166753,5.3185
z30to45,8,3,25,0.179495,0.000383103,-0.00613288,0.000383103,-16.0084,-0.0141215,-0.0130033,0.0150738,0.958733,0.000830465,1.83844
z45to60,8,3,25,0.177663,0.000399595,-0.00675357,0.000399595,-16.901,-0.0155507,-0.0143193,0.016444,0.937144,0.00114315,3.19311
