variant,N,E_min,E_max,b0@E0,db0,m_lnE,dm_lnE,z_m,m_per_decade,Delta_b_fit,Delta_b_data,R2w,RMSEw,chi2_ndf
etaCore,8,3,25,0.18642,0.0010409,-0.00667493,0.0010409,-6.41263,-0.0153696,-0.0141526,0.0164905,0.94062,0.00105829,0.432658
etaEdge,8,3,25,0.180031,0.000756483,-0.00736222,0.000756483,-9.73218,-0.0169521,-0.0156099,0.0211717,0.813341,0.00226903,3.62281
etaMid,8,3,25,0.183057,0.000669309,-0.0066354,0.000669309,-9.91381,-0.0152786,-0.0140688,0.019248,0.783963,0.00219495,4.51401
fullEta,8,3,25,0.182743,0.000450272,-0.00683918,0.000450272,-15.189,-0.0157478,-0.0145009,0.0192171,0.84293,0.00187587,7.16485
originalEta,8,3,25,0.181697,0.000436904,-0.00646334,0.000436904,-14.7935,-0.0148824,-0.013704,0.0183347,0.834355,0.00184373,7.24132
