variant,N,E_min,E_max,b0@E0,db0,m_lnE,dm_lnE,z_m,m_per_decade,Delta_b_fit,Delta_b_data,R2w,RMSEw,chi2_ndf
etaCore,8,3,25,0.178131,0.000918849,-0.00598043,0.000918849,-6.50861,-0.0137705,-0.0126801,0.0143708,0.808212,0.00187283,1.67542
etaEdge,8,3,25,0.196743,0.00113696,0.00234718,0.00113696,2.06443,0.00540458,0.00497664,0.00934914,0.293999,0.00254226,1.70572
etaMid,8,3,25,0.195177,0.000845033,-0.0044398,0.000845033,-5.254,-0.010223,-0.00941356,0.0129501,0.777074,0.00152856,1.31986
fullEta,8,3,25,0.191704,0.000548437,-0.00333256,0.000548437,-6.07647,-0.00767351,-0.00706591,0.00968865,0.76038,0.00123112,1.9393
originalEta,8,3,25,0.188748,0.000525866,-0.00218155,0.000525866,-4.14848,-0.0050232,-0.00462545,0.00745972,0.542711,0.00133164,2.41685
