variant,N,E_min,E_max,b0@E0,db0,m_lnE,dm_lnE,z_m,m_per_decade,Delta_b_fit,Delta_b_data,R2w,RMSEw,chi2_ndf
etaCore,8,3,25,0.187235,0.000727969,-0.00672689,0.000727969,-9.24062,-0.0154892,-0.0142628,0.0170714,0.914456,0.00130812,1.33131
etaEdge,8,3,25,0.180293,0.000530525,-0.00722933,0.000530525,-13.6267,-0.0166461,-0.0153281,0.0204841,0.827634,0.00213288,6.44533
etaMid,8,3,25,0.183259,0.000469315,-0.0069299,0.000469315,-14.766,-0.0159567,-0.0146932,0.0198067,0.843983,0.0018622,6.71757
fullEta,8,3,25,0.183061,0.000315857,-0.00692565,0.000315857,-21.9266,-0.0159469,-0.0146842,0.0193262,0.861716,0.00176145,12.8587
originalEta,8,3,25,0.18183,0.000305758,-0.00647773,0.000305758,-21.1858,-0.0149155,-0.0137345,0.0182114,0.849426,0.00174699,13.2606
