variant,N,E_min,E_max,b0@E0,db0,m_lnE,dm_lnE,z_m,m_per_decade,Delta_b_fit,Delta_b_data,R2w,RMSEw,chi2_ndf
etaCore,8,3,25,0.187354,0.000744286,-0.00683538,0.000744286,-9.1838,-0.015739,-0.0144928,0.0170855,0.913021,0.00134172,1.33914
etaEdge,8,3,25,0.180762,0.000531854,-0.00745686,0.000531854,-14.0205,-0.0171701,-0.0158105,0.02061,0.85221,0.00199951,5.68168
etaMid,8,3,25,0.183334,0.000468198,-0.00692267,0.000468198,-14.7858,-0.01594,-0.0146779,0.0200377,0.836886,0.00190945,7.10169
fullEta,8,3,25,0.183245,0.0003171,-0.00702968,0.0003171,-22.1686,-0.0161864,-0.0149048,0.0195123,0.867482,0.00174157,12.5124
originalEta,8,3,25,0.181844,0.000305413,-0.0065061,0.000305413,-21.3026,-0.0149808,-0.0137946,0.0182625,0.851559,0.0017394,13.1843
