variant,N,E_min,E_max,b0@E0,db0,m_lnE,dm_lnE,z_m,m_per_decade,Delta_b_fit,Delta_b_data,R2w,RMSEw,chi2_ndf
etaCore,8,3,25,0.177425,0.000628255,-0.00617881,0.000628255,-9.83488,-0.0142272,-0.0131007,0.0142132,0.951242,0.000897404,0.826299
etaEdge,8,3,25,0.196354,0.000767662,0.00240413,0.000767662,3.13175,0.00553571,0.00509738,0.0070669,0.604794,0.00137399,1.06817
etaMid,8,3,25,0.194422,0.000557287,-0.00495163,0.000557287,-8.88524,-0.0114015,-0.0104988,0.0123614,0.923502,0.000920547,1.08993
fullEta,8,3,25,0.191097,0.000368233,-0.00360363,0.000368233,-9.78629,-0.00829766,-0.00764064,0.00886935,0.9462,0.000568191,0.90757
originalEta,8,3,25,0.18831,0.00035338,-0.00255711,0.00035338,-7.23615,-0.00588797,-0.00542176,0.0067842,0.865728,0.000672451,1.35353
