variant,N,E_min,E_max,b0@E0,db0,m_lnE,dm_lnE,z_m,m_per_decade,Delta_b_fit,Delta_b_data,R2w,RMSEw,chi2_ndf
etaCore,8,3,25,0.177443,0.000921645,-0.00566238,0.000921645,-6.14378,-0.0130381,-0.0120057,0.014424,0.793214,0.00186535,1.64003
etaEdge,8,3,25,0.198073,0.00114193,0.00163934,0.00114193,1.43559,0.00377471,0.00347583,0.00978827,0.133576,0.00294208,2.22797
etaMid,8,3,25,0.195134,0.000839418,-0.00511518,0.000839418,-6.09372,-0.0117781,-0.0108455,0.0141385,0.798702,0.00164843,1.5598
fullEta,8,3,25,0.191936,0.000548236,-0.00378816,0.000548236,-6.90973,-0.00872257,-0.0080319,0.0104032,0.767304,0.00137582,2.4132
originalEta,8,3,25,0.188911,0.000525062,-0.00262353,0.000525062,-4.9966,-0.00604089,-0.00556257,0.00812467,0.596918,0.00143739,2.80981
