variant,N,E_min,E_max,b0@E0,db0,m_lnE,dm_lnE,z_m,m_per_decade,Delta_b_fit,Delta_b_data,R2w,RMSEw,chi2_ndf
etaCore,8,3,25,0.186945,0.00105149,-0.00686253,0.00105149,-6.52648,-0.0158016,-0.0145504,0.0161835,0.899097,0.00145393,0.79672
etaEdge,8,3,25,0.180395,0.000769962,-0.00743661,0.000769962,-9.65841,-0.0171234,-0.0157676,0.0220146,0.827295,0.00217431,3.24567
etaMid,8,3,25,0.183209,0.000670636,-0.00693373,0.000670636,-10.339,-0.0159655,-0.0147013,0.0186061,0.874165,0.00165814,2.56459
fullEta,8,3,25,0.183032,0.000454315,-0.00703805,0.000454315,-15.4916,-0.0162057,-0.0149225,0.019159,0.87489,0.00168882,5.71976
originalEta,8,3,25,0.181908,0.000440136,-0.00662973,0.000440136,-15.0629,-0.0152655,-0.0140568,0.0182157,0.861088,0.00170414,6.1004
