variant,N,E_min,E_max,b0@E0,db0,m_lnE,dm_lnE,z_m,m_per_decade,Delta_b_fit,Delta_b_data,R2w,RMSEw,chi2_ndf
etaCore,8,3,25,0.186542,0.000714813,-0.00665348,0.000714813,-9.30801,-0.0153202,-0.0141071,0.0164336,0.923134,0.00122308,1.20235
etaEdge,8,3,25,0.179281,0.00051567,-0.0070556,0.00051567,-13.6824,-0.0162461,-0.0149597,0.0199926,0.819634,0.00214019,6.86607
etaMid,8,3,25,0.182191,0.000444433,-0.00699322,0.000444433,-15.7352,-0.0161025,-0.0148275,0.0182349,0.904043,0.00143535,4.38004
fullEta,8,3,25,0.182087,0.00030395,-0.00689593,0.00030395,-22.6877,-0.0158785,-0.0146212,0.018357,0.892519,0.00152523,10.3311
originalEta,8,3,25,0.180945,0.000294542,-0.00648978,0.000294542,-22.0335,-0.0149433,-0.01376,0.0173697,0.884106,0.00151002,10.6065
