variant,N,E_min,E_max,b0@E0,db0,m_lnE,dm_lnE,z_m,m_per_decade,Delta_b_fit,Delta_b_data,R2w,RMSEw,chi2_ndf
etaCore,8,3,25,0.176873,0.000644812,-0.00597381,0.000644812,-9.26441,-0.0137552,-0.012666,0.0143577,0.862525,0.00152988,2.28001
etaEdge,8,3,25,0.198926,0.000799658,0.00128238,0.000799658,1.60366,0.00295279,0.00271898,0.00591643,0.223235,0.00166994,1.49143
etaMid,8,3,25,0.194824,0.000578502,-0.00477946,0.000578502,-8.26178,-0.0110051,-0.0101337,0.0127393,0.885376,0.00110802,1.4728
fullEta,8,3,25,0.191967,0.000381827,-0.00378556,0.000381827,-9.91432,-0.00871657,-0.00802638,0.00982791,0.88188,0.000911444,2.19426
originalEta,8,3,25,0.18891,0.000364775,-0.0025811,0.000364775,-7.07587,-0.0059432,-0.00547261,0.00749864,0.73107,0.00104117,3.06965
