variant,N,E_min,E_max,b0@E0,db0,m_lnE,dm_lnE,z_m,m_per_decade,Delta_b_fit,Delta_b_data,R2w,RMSEw,chi2_ndf
z00to02,8,3,25,0.181864,0.00148342,-0.00757315,0.00148342,-5.10519,-0.0174378,-0.0160571,0.016627,0.752038,0.00276936,1.43225
z02to04,8,3,25,0.176703,0.00147487,-0.00394181,0.00147487,-2.67265,-0.00907635,-0.00835767,0.0130663,0.614896,0.00201175,0.745609
z04to06,8,3,25,0.178042,0.00143989,-0.0058631,0.00143989,-4.0719,-0.0135003,-0.0124313,0.0142655,0.83338,0.00168369,0.552493
z06to08,8,3,25,0.178082,0.00147039,-0.00605864,0.00147039,-4.12043,-0.0139505,-0.0128459,0.0147088,0.932141,0.00103241,0.205997
z08to10,8,3,25,0.173144,0.0013297,-0.00604935,0.0013297,-4.54941,-0.0139291,-0.0128262,0.0138949,0.776902,0.00209864,0.990576
