variant,N,E_min,E_max,b0@E0,db0,m_lnE,dm_lnE,z_m,m_per_decade,Delta_b_fit,Delta_b_data,R2w,RMSEw,chi2_ndf
z00to02,8,3,25,0.190053,0.00170662,-0.00836444,0.00170662,-4.90116,-0.0192598,-0.0177348,0.0169291,0.960754,0.00105548,0.163542
z02to04,8,3,25,0.189693,0.00168769,-0.00721091,0.00168769,-4.27266,-0.0166037,-0.015289,0.0177791,0.708544,0.00300552,1.25156
z04to06,8,3,25,0.18731,0.00168603,-0.0068696,0.00168603,-4.07442,-0.0158178,-0.0145654,0.0193142,0.653417,0.00316224,1.46757
z06to08,8,3,25,0.184298,0.00163583,-0.00623452,0.00163583,-3.81122,-0.0143555,-0.0132188,0.0141621,0.923084,0.00113785,0.201722
z08to10,8,3,25,0.184561,0.00168841,-0.00519074,0.00168841,-3.07434,-0.0119521,-0.0110057,0.0172216,0.583348,0.00278151,1.12512
