variant,N,E_min,E_max,b0@E0,db0,m_lnE,dm_lnE,z_m,m_per_decade,Delta_b_fit,Delta_b_data,R2w,RMSEw,chi2_ndf
z00to10,8,3,25,0.177425,0.000628255,-0.00617881,0.000628255,-9.83488,-0.0142272,-0.0131007,0.0142132,0.951242,0.000897404,0.826299
z10to20,8,3,25,0.173885,0.000581271,-0.00696429,0.000581271,-11.9811,-0.0160359,-0.0147661,0.0151682,0.982428,0.000596641,0.427912
z20to30,8,3,25,0.17852,0.000642744,-0.00700245,0.000642744,-10.8946,-0.0161237,-0.014847,0.0171632,0.936756,0.00113875,1.33557
z30to45,8,3,25,0.204291,0.00083316,-0.00472311,0.00083316,-5.66892,-0.0108754,-0.0100142,0.0118136,0.783793,0.00156718,1.47746
z45to60,8,3,25,0.339781,0.0062704,0.0902173,0.0062704,14.3878,0.207733,0.191284,0.187766,0.956367,0.0144073,1.57408
