variant,N,E_min,E_max,b0@E0,db0,m_lnE,dm_lnE,z_m,m_per_decade,Delta_b_fit,Delta_b_data,R2w,RMSEw,chi2_ndf
z00to10,8,3,25,0.176873,0.000644812,-0.00597381,0.000644812,-9.26441,-0.0137552,-0.012666,0.0143577,0.862525,0.00152988,2.28001
z10to20,8,3,25,0.173848,0.000599183,-0.00709093,0.000599183,-11.8343,-0.0163275,-0.0150346,0.0160877,0.951707,0.00101805,1.18445
z20to30,8,3,25,0.177073,0.000657469,-0.00626869,0.000657469,-9.53458,-0.0144342,-0.0132913,0.0149519,0.924569,0.00112419,1.23613
z30to45,8,3,25,0.203321,0.000851952,-0.00483284,0.000851952,-5.67267,-0.011128,-0.0102469,0.0150921,0.725645,0.00186213,2.02774
z45to60,8,3,25,0.327052,0.00537961,0.0732428,0.00537961,13.6149,0.168648,0.155294,0.146325,0.930384,0.0150379,2.31167
