variant,N,E_min,E_max,b0@E0,db0,m_lnE,dm_lnE,z_m,m_per_decade,Delta_b_fit,Delta_b_data,R2w,RMSEw,chi2_ndf
z00to10,8,3,25,0.186571,0.0007152,-0.00667017,0.0007152,-9.3263,-0.0153586,-0.0141425,0.0164688,0.923726,0.00122065,1.19702
z10to20,8,3,25,0.185667,0.000704987,-0.00596345,0.000704987,-8.45896,-0.0137314,-0.0126441,0.0166631,0.831155,0.00172913,2.42263
z20to30,8,3,25,0.183415,0.000693161,-0.0056632,0.000693161,-8.17011,-0.01304,-0.0120075,0.0138641,0.923615,0.00104286,0.920074
z30to45,8,3,25,0.182171,0.000559219,-0.00678281,0.000559219,-12.1291,-0.015618,-0.0143814,0.0180914,0.892686,0.00146145,2.94756
z45to60,8,3,25,0.17702,0.000540231,-0.00667105,0.000540231,-12.3485,-0.0153607,-0.0141444,0.0160197,0.897528,0.00139913,2.90159
