variant,N,E_min,E_max,b0@E0,db0,m_lnE,dm_lnE,z_m,m_per_decade,Delta_b_fit,Delta_b_data,R2w,RMSEw,chi2_ndf
z00to02,8,3,25,0.189723,0.00166605,-0.00804927,0.00166605,-4.83134,-0.0185341,-0.0170666,0.015641,0.929681,0.0013889,0.294255
z02to04,8,3,25,0.189589,0.00165665,-0.00701701,0.00165665,-4.23567,-0.0161573,-0.0148779,0.0185096,0.722622,0.00281114,1.14777
z04to06,8,3,25,0.187175,0.00164205,-0.00692403,0.00164205,-4.21671,-0.0159432,-0.0146808,0.0191307,0.688091,0.00293699,1.34331
z06to08,8,3,25,0.184453,0.00159301,-0.00635406,0.00159301,-3.9887,-0.0146308,-0.0134723,0.0145043,0.923646,0.00115739,0.2192
z08to10,8,3,25,0.184213,0.00166067,-0.00486712,0.00166067,-2.93081,-0.0112069,-0.0103196,0.017586,0.527303,0.00292399,1.28336
