variant,N,E_min,E_max,b0@E0,db0,m_lnE,dm_lnE,z_m,m_per_decade,Delta_b_fit,Delta_b_data,R2w,RMSEw,chi2_ndf
z00to10,8,3,25,0.178131,0.000918849,-0.00598043,0.000918849,-6.50861,-0.0137705,-0.0126801,0.0143708,0.808212,0.00187283,1.67542
z10to20,8,3,25,0.173836,0.000856149,-0.00634094,0.000856149,-7.40634,-0.0146005,-0.0134445,0.0163701,0.926709,0.00113959,0.72304
z20to30,8,3,25,0.179467,0.00096676,-0.00687593,0.00096676,-7.11234,-0.0158324,-0.0145788,0.0163289,0.931934,0.0011529,0.615771
z30to45,8,3,25,0.204212,0.00123757,-0.003858,0.00123757,-3.11739,-0.00888336,-0.00817997,0.00939788,0.743874,0.0014477,0.557679
z45to60,8,3,25,0.339259,0.0102733,0.0920708,0.0102733,8.96214,0.212001,0.195214,0.215495,0.87897,0.0234651,1.84329
