variant,N,E_min,E_max,b0@E0,db0,m_lnE,dm_lnE,z_m,m_per_decade,Delta_b_fit,Delta_b_data,R2w,RMSEw,chi2_ndf
z00to02,8,3,25,0.191969,0.00245432,-0.00992319,0.00245432,-4.04316,-0.022849,-0.0210398,0.0208971,0.826442,0.00277744,0.572167
z02to04,8,3,25,0.183469,0.00236178,-0.00318969,0.00236178,-1.35054,-0.00734452,-0.00676298,0.0200937,0.122427,0.00559634,2.17907
z04to06,8,3,25,0.185626,0.00237578,-0.00725693,0.00237578,-3.05454,-0.0167097,-0.0153866,0.0248811,0.560436,0.0039053,1.21966
z06to08,8,3,25,0.185,0.00229669,-0.00748229,0.00229669,-3.25787,-0.0172286,-0.0158644,0.0171464,0.730713,0.0028312,0.651903
z08to10,8,3,25,0.182181,0.00230887,-0.00384551,0.00230887,-1.66554,-0.00885461,-0.00815349,0.0132441,0.450511,0.00274971,0.563913
