variant,N,E_min,E_max,b0@E0,db0,m_lnE,dm_lnE,z_m,m_per_decade,Delta_b_fit,Delta_b_data,R2w,RMSEw,chi2_ndf
z00to02,8,3,25,0.190025,0.00164945,-0.00850902,0.00164945,-5.15869,-0.0195927,-0.0180414,0.0162901,0.867428,0.00208232,0.677868
z02to04,8,3,25,0.188437,0.00162501,-0.00663458,0.00162501,-4.08279,-0.0152767,-0.0140671,0.0167164,0.774791,0.00232137,0.807541
z04to06,8,3,25,0.186618,0.00162024,-0.00685737,0.00162024,-4.23231,-0.0157897,-0.0145394,0.0188818,0.789531,0.00222842,0.795834
z06to08,8,3,25,0.182899,0.00156389,-0.00569364,0.00156389,-3.64069,-0.0131101,-0.012072,0.0138424,0.709592,0.00231347,0.904099
z08to10,8,3,25,0.183937,0.00161067,-0.00527229,0.00161067,-3.27334,-0.0121399,-0.0111786,0.0164723,0.683277,0.00229271,0.827781
