variant,N,E_min,E_max,b0@E0,db0,m_lnE,dm_lnE,z_m,m_per_decade,Delta_b_fit,Delta_b_data,R2w,RMSEw,chi2_ndf
z00to10,8,3,25,0.18642,0.0010409,-0.00667493,0.0010409,-6.41263,-0.0153696,-0.0141526,0.0164905,0.94062,0.00105829,0.432658
z10to20,8,3,25,0.185869,0.00103433,-0.00556989,0.00103433,-5.38502,-0.0128251,-0.0118096,0.0160227,0.83074,0.00162042,0.984721
z20to30,8,3,25,0.181874,0.00102853,-0.00408496,0.00102853,-3.97165,-0.00940596,-0.00866119,0.0102867,0.931895,0.000708358,0.192132
z30to45,8,3,25,0.185224,0.000843337,-0.00785899,0.000843337,-9.31892,-0.018096,-0.0166631,0.0194533,0.935676,0.00127695,0.995008
z45to60,8,3,25,0.178966,0.000806351,-0.00791934,0.000806351,-9.8212,-0.018235,-0.0167911,0.018751,0.878071,0.00180455,2.23232
