variant,N,E_min,E_max,b0@E0,db0,m_lnE,dm_lnE,z_m,m_per_decade,Delta_b_fit,Delta_b_data,R2w,RMSEw,chi2_ndf
z00to02,8,3,25,0.190303,0.00243831,-0.00924665,0.00243831,-3.79223,-0.0212912,-0.0196053,0.0230222,0.733313,0.00343346,0.871667
z02to04,8,3,25,0.187886,0.00241351,-0.00634479,0.00241351,-2.62886,-0.0146094,-0.0134526,0.0186755,0.728209,0.00245,0.429895
z04to06,8,3,25,0.191192,0.00253581,-0.00842209,0.00253581,-3.32126,-0.0193926,-0.017857,0.0208914,0.746365,0.00300458,0.62476
z06to08,8,3,25,0.17923,0.00221047,-0.00433935,0.00221047,-1.96309,-0.00999173,-0.00920057,0.011481,0.579161,0.00236996,0.466708
z08to10,8,3,25,0.185296,0.00234445,-0.00574152,0.00234445,-2.44899,-0.0132203,-0.0121735,0.0122806,0.692968,0.00248265,0.442888
