variant,N,E_min,E_max,b0@E0,db0,m_lnE,dm_lnE,z_m,m_per_decade,Delta_b_fit,Delta_b_data,R2w,RMSEw,chi2_ndf
z00to10,8,3,25,0.186542,0.000714813,-0.00665348,0.000714813,-9.30801,-0.0153202,-0.0141071,0.0164336,0.923134,0.00122308,1.20235
z10to20,8,3,25,0.185645,0.000704723,-0.00595615,0.000704723,-8.45177,-0.0137145,-0.0126286,0.0166237,0.83244,0.00171912,2.39642
z20to30,8,3,25,0.183417,0.000692863,-0.00567335,0.000692863,-8.18827,-0.0130634,-0.012029,0.0138618,0.924106,0.0010411,0.91774
z30to45,8,3,25,0.182155,0.000558956,-0.00677932,0.000558956,-12.1285,-0.01561,-0.0143739,0.018074,0.893397,0.00145541,2.92542
z45to60,8,3,25,0.177011,0.000540173,-0.00666621,0.000540173,-12.3409,-0.0153495,-0.0141341,0.0160248,0.896396,0.00140658,2.93372
