variant,N,E_min,E_max,b0@E0,db0,m_lnE,dm_lnE,z_m,m_per_decade,Delta_b_fit,Delta_b_data,R2w,RMSEw,chi2_ndf
z00to02,8,3,25,0.182456,0.00216531,-0.00785374,0.00216531,-3.62708,-0.0180839,-0.016652,0.0198673,0.596434,0.00413457,1.48359
z02to04,8,3,25,0.176952,0.00218088,-0.00387797,0.00218088,-1.77817,-0.00892936,-0.00822232,0.0201149,0.312938,0.00364334,1.157
z04to06,8,3,25,0.175084,0.0020437,-0.00444046,0.0020437,-2.17276,-0.0102245,-0.00941495,0.0118546,0.553423,0.00259163,0.634908
z06to08,8,3,25,0.175615,0.00208811,-0.00474483,0.00208811,-2.27231,-0.0109254,-0.0100603,0.0117167,0.840899,0.00132425,0.162821
z08to10,8,3,25,0.175891,0.00195666,-0.00696738,0.00195666,-3.56086,-0.016043,-0.0147727,0.0154094,0.687656,0.00305756,0.959888
