variant,N,E_min,E_max,b0@E0,db0,m_lnE,dm_lnE,z_m,m_per_decade,Delta_b_fit,Delta_b_data,R2w,RMSEw,chi2_ndf
z00to02,8,3,25,0.182541,0.00152242,-0.00787116,0.00152242,-5.17017,-0.018124,-0.0166889,0.0172491,0.76671,0.0027603,1.35557
z02to04,8,3,25,0.176511,0.00149903,-0.00436907,0.00149903,-2.9146,-0.0100602,-0.00926359,0.0145621,0.611266,0.00224097,0.900389
z04to06,8,3,25,0.176018,0.00143501,-0.00563912,0.00143501,-3.92966,-0.0129846,-0.0119564,0.0137862,0.824247,0.00167651,0.548786
z06to08,8,3,25,0.177289,0.0014781,-0.00626599,0.0014781,-4.23923,-0.014428,-0.0132855,0.0141993,0.939349,0.00100681,0.193391
z08to10,8,3,25,0.172106,0.00134475,-0.0057279,0.00134475,-4.25945,-0.013189,-0.0121447,0.0132417,0.758795,0.00208781,0.961207
