variant,N,E_min,E_max,b0@E0,db0,m_lnE,dm_lnE,z_m,m_per_decade,Delta_b_fit,Delta_b_data,R2w,RMSEw,chi2_ndf
z00to10,8,3,25,0.187354,0.000744286,-0.00683538,0.000744286,-9.1838,-0.015739,-0.0144928,0.0170855,0.913021,0.00134172,1.33914
z10to20,8,3,25,0.187168,0.000739423,-0.0064665,0.000739423,-8.74533,-0.0148897,-0.0137107,0.0170705,0.844585,0.00177171,2.34559
z20to30,8,3,25,0.18462,0.000729731,-0.00602048,0.000729731,-8.25027,-0.0138627,-0.012765,0.0151774,0.929916,0.00104578,0.854994
z30to45,8,3,25,0.183633,0.000590947,-0.0071269,0.000590947,-12.0601,-0.0164103,-0.0151109,0.0201818,0.875415,0.00165367,3.44987
z45to60,8,3,25,0.178754,0.000563673,-0.00732812,0.000563673,-13.0007,-0.0168736,-0.0155375,0.0170104,0.930382,0.001235,2.10785
