variant,N,E_min,E_max,b0@E0,db0,m_lnE,dm_lnE,z_m,m_per_decade,Delta_b_fit,Delta_b_data,R2w,RMSEw,chi2_ndf
z00to10,8,3,25,0.177571,0.000637828,-0.00590388,0.000637828,-9.25623,-0.0135942,-0.0125178,0.0143245,0.86988,0.00146542,2.13599
z10to20,8,3,25,0.174578,0.000596702,-0.00690872,0.000596702,-11.5782,-0.0159079,-0.0146483,0.015441,0.960672,0.000893926,0.914648
z20to30,8,3,25,0.178988,0.000667645,-0.00668974,0.000667645,-10.0199,-0.0154037,-0.014184,0.0160457,0.938809,0.00106723,1.09066
z30to45,8,3,25,0.204879,0.000873349,-0.00438548,0.000873349,-5.02145,-0.0100979,-0.00929837,0.0130197,0.74875,0.00160382,1.41019
z45to60,8,3,25,0.34063,0.00681012,0.093493,0.00681012,13.7285,0.215276,0.19823,0.193138,0.927618,0.0189196,2.45108
