variant,N,E_min,E_max,b0@E0,db0,m_lnE,dm_lnE,z_m,m_per_decade,Delta_b_fit,Delta_b_data,R2w,RMSEw,chi2_ndf
z00to02,8,3,25,0.181179,0.00145881,-0.00741744,0.00145881,-5.08459,-0.0170793,-0.0157269,0.0153031,0.84023,0.00206779,0.819324
z02to04,8,3,25,0.177364,0.0014537,-0.00481243,0.0014537,-3.31046,-0.011081,-0.0102036,0.0136044,0.781215,0.00163951,0.511531
z04to06,8,3,25,0.177107,0.00140891,-0.0055621,0.00140891,-3.9478,-0.0128072,-0.0117931,0.0114803,0.958579,0.000749194,0.11224
z06to08,8,3,25,0.178669,0.00145104,-0.006856,0.00145104,-4.72488,-0.0157865,-0.0145365,0.0162209,0.960162,0.000876805,0.154376
z08to10,8,3,25,0.172903,0.00131601,-0.00624184,0.00131601,-4.74299,-0.0143724,-0.0132343,0.0148632,0.873961,0.00152528,0.540709
