variant,N,E_min,E_max,b0@E0,db0,m_lnE,dm_lnE,z_m,m_per_decade,Delta_b_fit,Delta_b_data,R2w,RMSEw,chi2_ndf
z00to02,8,3,25,0.181953,0.00214492,-0.0071787,0.00214492,-3.34684,-0.0165296,-0.0152207,0.021034,0.482598,0.00478806,2.00152
z02to04,8,3,25,0.174825,0.00213678,-0.0032964,0.00213678,-1.54269,-0.00759024,-0.00698924,0.0194251,0.295319,0.00322537,0.946478
z04to06,8,3,25,0.177697,0.00208172,-0.00542047,0.00208172,-2.60384,-0.0124811,-0.0114928,0.0160656,0.559807,0.00307893,0.88855
z06to08,8,3,25,0.18035,0.00216286,-0.007067,0.00216286,-3.26743,-0.0162724,-0.0149839,0.0180727,0.765977,0.0024336,0.543632
z08to10,8,3,25,0.173489,0.00188299,-0.00588938,0.00188299,-3.12768,-0.0135608,-0.012487,0.0159314,0.600179,0.00318982,1.08612
