series,variant,residual,E,mu,dmu,sigma,dsigma
0,Constant-b (Production) Uncorr,eta,3,1.43704e-05,1.93009e-05,0.00428411,1.36478e-05
0,Constant-b (Production) Uncorr,eta,5,8.83159e-06,1.80829e-05,0.00410219,1.27865e-05
0,Constant-b (Production) Uncorr,eta,7,-1.36709e-05,1.70002e-05,0.00401622,1.2021e-05
0,Constant-b (Production) Uncorr,eta,9,-2.74665e-05,1.65628e-05,0.00400128,1.17117e-05
0,Constant-b (Production) Uncorr,eta,11,-4.4149e-05,1.62987e-05,0.00396062,1.15249e-05
0,Constant-b (Production) Uncorr,eta,13.5,-1.45072e-06,1.32073e-05,0.00393075,9.33899e-06
0,Constant-b (Production) Uncorr,eta,17.5,-1.20399e-05,1.00929e-05,0.00388564,7.13676e-06
0,Constant-b (Production) Uncorr,eta,25,-3.3956e-05,6.85254e-06,0.00375268,4.84548e-06
1,Constant-b (Production) Corr,eta,3,-3.08314e-05,1.85521e-05,0.00411789,1.31183e-05
1,Constant-b (Production) Corr,eta,5,-2.17729e-05,1.63455e-05,0.00370806,1.1558e-05
1,Constant-b (Production) Corr,eta,7,-3.23586e-05,1.48344e-05,0.00350456,1.04895e-05
1,Constant-b (Production) Corr,eta,9,-5.66464e-05,1.41304e-05,0.00341366,9.99171e-06
1,Constant-b (Production) Corr,eta,11,-3.75106e-05,1.37007e-05,0.00332929,9.68783e-06
1,Constant-b (Production) Corr,eta,13.5,-3.21585e-05,1.10169e-05,0.00327884,7.79012e-06
1,Constant-b (Production) Corr,eta,17.5,-1.81999e-05,8.35274e-06,0.0032157,5.90628e-06
1,Constant-b (Production) Corr,eta,25,-3.55698e-05,5.52788e-06,0.00302726,3.9088e-06
