variant,N,E_min,E_max,b0@E0,db0,m_lnE,dm_lnE,z_m,m_per_decade,Delta_b_fit,Delta_b_data,R2w,RMSEw,chi2_ndf
z00to10,8,3,25,0.183061,0.000315857,-0.00692565,0.000315857,-21.9266,-0.0159469,-0.0146842,0.0193262,0.861716,0.00176145,12.8587
z10to20,8,3,25,0.183551,0.000315861,-0.00706226,0.000315861,-22.3587,-0.0162614,-0.0149738,0.0188493,0.885716,0.00164803,10.7506
z20to30,8,3,25,0.182064,0.000329054,-0.00693799,0.000329054,-21.0847,-0.0159753,-0.0147104,0.0189536,0.885158,0.00160215,9.6131
z30to45,8,3,25,0.180936,0.000282225,-0.00703206,0.000282225,-24.9165,-0.0161919,-0.0149098,0.0177269,0.942103,0.00111322,6.35889
z45to60,8,3,25,0.178792,0.000294631,-0.00746783,0.000294631,-25.3464,-0.0171953,-0.0158338,0.0181071,0.947357,0.00113119,5.94982
