variant,N,E_min,E_max,b0@E0,db0,m_lnE,dm_lnE,z_m,m_per_decade,Delta_b_fit,Delta_b_data,R2w,RMSEw,chi2_ndf
z00to02,8,3,25,0.192988,0.000881149,-0.00371239,0.000881149,-4.21313,-0.0085481,-0.00787125,0.0102449,0.710159,0.00154567,1.20743
z02to04,8,3,25,0.192512,0.000863901,-0.00423354,0.000863901,-4.90049,-0.00974809,-0.00897622,0.0108592,0.810188,0.00133806,0.937702
z04to06,8,3,25,0.190328,0.000849233,-0.00260463,0.000849233,-3.06704,-0.00599739,-0.00552251,0.00803961,0.694926,0.00114539,0.688264
z06to08,8,3,25,0.191025,0.000852594,-0.0032912,0.000852594,-3.86022,-0.00757827,-0.00697822,0.0100778,0.658044,0.00156597,1.29059
z08to10,8,3,25,0.192696,0.000844419,-0.00496446,0.000844419,-5.87915,-0.0114311,-0.010526,0.0102621,0.832616,0.00146518,1.1581
