variant,N,E_min,E_max,b0@E0,db0,m_lnE,dm_lnE,z_m,m_per_decade,Delta_b_fit,Delta_b_data,R2w,RMSEw,chi2_ndf
z00to10,8,3,25,0.182105,0.000304053,-0.00690271,0.000304053,-22.7023,-0.0158941,-0.0146356,0.0183704,0.892629,0.00152579,10.3324
z10to20,8,3,25,0.182392,0.000303735,-0.00693948,0.000303735,-22.8472,-0.0159787,-0.0147135,0.0183246,0.886873,0.00161647,11.0973
z20to30,8,3,25,0.180899,0.000315927,-0.00682422,0.000315927,-21.6006,-0.0157134,-0.0144692,0.0181805,0.909202,0.00138863,7.76599
z30to45,8,3,25,0.179807,0.000271169,-0.0069094,0.000271169,-25.4801,-0.0159095,-0.0146498,0.0169763,0.941057,0.00110844,6.77746
z45to60,8,3,25,0.177475,0.000283486,-0.0070581,0.000283486,-24.8975,-0.0162519,-0.014965,0.0168592,0.956562,0.000972532,4.69151
