variant,N,E_min,E_max,b0@E0,db0,m_lnE,dm_lnE,z_m,m_per_decade,Delta_b_fit,Delta_b_data,R2w,RMSEw,chi2_ndf
z00to02,8,3,25,0.192673,0.000848796,-0.00388298,0.000848796,-4.57469,-0.0089409,-0.00823295,0.0101361,0.793046,0.00129905,0.910224
z02to04,8,3,25,0.192359,0.000839295,-0.00440713,0.000839295,-5.25099,-0.0101478,-0.00934427,0.0114478,0.885902,0.00103176,0.591867
z04to06,8,3,25,0.188244,0.000810027,-0.00175755,0.000810027,-2.16974,-0.00404691,-0.00372647,0.00574914,0.48871,0.00120772,0.820884
z06to08,8,3,25,0.190093,0.000821141,-0.00294216,0.000821141,-3.58301,-0.00677458,-0.00623816,0.00749568,0.81433,0.000936736,0.487851
z08to10,8,3,25,0.191976,0.00081889,-0.00497689,0.00081889,-6.0776,-0.0114597,-0.0105523,0.00968441,0.90322,0.00107143,0.659636
