variant,N,E_min,E_max,b0@E0,db0,m_lnE,dm_lnE,z_m,m_per_decade,Delta_b_fit,Delta_b_data,R2w,RMSEw,chi2_ndf
z00to02,8,3,25,0.192734,0.00125783,-0.00342625,0.00125783,-2.72392,-0.00788922,-0.00726455,0.00986246,0.528088,0.00211819,1.10508
z02to04,8,3,25,0.189795,0.00123554,-0.00295655,0.00123554,-2.39293,-0.00680772,-0.00626867,0.0108271,0.54537,0.00174525,0.795564
z04to06,8,3,25,0.188123,0.00119592,-0.000903318,0.00119592,-0.755333,-0.00207997,-0.00191527,0.00695184,0.122793,0.00163373,0.679288
z06to08,8,3,25,0.192747,0.00125597,-0.0038853,0.00125597,-3.09345,-0.00894623,-0.00823785,0.0134846,0.545849,0.00230459,1.32698
z08to10,8,3,25,0.194581,0.00123303,-0.00526987,0.00123303,-4.2739,-0.0121343,-0.0111735,0.0123301,0.787714,0.00180181,0.82045
