variant,N,E_min,E_max,b0@E0,db0,m_lnE,dm_lnE,z_m,m_per_decade,Delta_b_fit,Delta_b_data,R2w,RMSEw,chi2_ndf
z00to02,8,3,25,0.1845,0.000711637,-0.00729422,0.000711637,-10.2499,-0.0167956,-0.0154657,0.0179611,0.890184,0.00164115,2.16011
z02to04,8,3,25,0.185313,0.000722127,-0.00833842,0.000722127,-11.547,-0.0191999,-0.0176796,0.0214207,0.936447,0.00135586,1.50814
z04to06,8,3,25,0.184828,0.000732485,-0.00762146,0.000732485,-10.4049,-0.0175491,-0.0161595,0.0239295,0.760584,0.00265905,5.67979
z06to08,8,3,25,0.180279,0.0006865,-0.00577098,0.0006865,-8.40638,-0.0132882,-0.012236,0.0151723,0.85191,0.00155341,2.04738
z08to10,8,3,25,0.181059,0.000708117,-0.00601454,0.000708117,-8.49372,-0.013849,-0.0127524,0.0194966,0.705492,0.00246362,5.01937
