variant,N,E_min,E_max,b0@E0,db0,m_lnE,dm_lnE,z_m,m_per_decade,Delta_b_fit,Delta_b_data,R2w,RMSEw,chi2_ndf
z00to02,8,3,25,0.18529,0.00102092,-0.00760712,0.00102092,-7.45127,-0.017516,-0.0161291,0.017893,0.808074,0.00238392,2.19781
z02to04,8,3,25,0.18286,0.00102304,-0.00696466,0.00102304,-6.80782,-0.0160367,-0.0147669,0.019157,0.878967,0.00162063,1.06364
z04to06,8,3,25,0.182409,0.0010275,-0.00687586,0.0010275,-6.69183,-0.0158323,-0.0145786,0.0240714,0.662271,0.00304799,3.80601
z06to08,8,3,25,0.180547,0.000974245,-0.00606143,0.000974245,-6.22167,-0.013957,-0.0128518,0.0137623,0.824906,0.00181435,1.36939
z08to10,8,3,25,0.181493,0.00101594,-0.00617279,0.00101594,-6.07595,-0.0142134,-0.0130879,0.0218437,0.563009,0.00344583,4.77567
