variant,N,E_min,E_max,b0@E0,db0,m_lnE,dm_lnE,z_m,m_per_decade,Delta_b_fit,Delta_b_data,R2w,RMSEw,chi2_ndf
z00to10,8,3,25,0.182087,0.00030395,-0.00689593,0.00030395,-22.6877,-0.0158785,-0.0146212,0.018357,0.892519,0.00152523,10.3311
z10to20,8,3,25,0.182393,0.000303691,-0.00694279,0.000303691,-22.8614,-0.0159864,-0.0147206,0.0183272,0.887662,0.00161069,11.0239
z20to30,8,3,25,0.180883,0.000315793,-0.0068162,0.000315793,-21.5844,-0.0156949,-0.0144521,0.0181548,0.909196,0.00138729,7.75486
z30to45,8,3,25,0.179798,0.000271094,-0.00690762,0.000271094,-25.4805,-0.0159054,-0.014646,0.0169711,0.940617,0.00111254,6.83153
z45to60,8,3,25,0.177463,0.000283427,-0.00705047,0.000283427,-24.8758,-0.0162343,-0.0149489,0.0168355,0.956565,0.000971457,4.683
