variant,N,E_min,E_max,b0@E0,db0,m_lnE,dm_lnE,z_m,m_per_decade,Delta_b_fit,Delta_b_data,R2w,RMSEw,chi2_ndf
z00to02,8,3,25,0.184945,0.00102582,-0.007684,0.00102582,-7.49061,-0.0176931,-0.0162921,0.018766,0.835156,0.00218509,1.84582
z02to04,8,3,25,0.182718,0.00101701,-0.00734158,0.00101701,-7.2188,-0.0169046,-0.0155661,0.0189573,0.889577,0.00162573,1.07809
z04to06,8,3,25,0.18537,0.00105641,-0.00775568,0.00105641,-7.34157,-0.0178581,-0.0164441,0.0224192,0.81584,0.00230322,2.02776
z06to08,8,3,25,0.18086,0.000991444,-0.00639207,0.000991444,-6.44724,-0.0147183,-0.0135529,0.0158366,0.819285,0.00192083,1.52811
z08to10,8,3,25,0.180708,0.00101906,-0.00578993,0.00101906,-5.68163,-0.0133318,-0.0122762,0.0201351,0.580149,0.00312781,3.89359
