variant,N,E_min,E_max,b0@E0,db0,m_lnE,dm_lnE,z_m,m_per_decade,Delta_b_fit,Delta_b_data,R2w,RMSEw,chi2_ndf
z00to10,8,3,25,0.191936,0.000548236,-0.00378816,0.000548236,-6.90973,-0.00872257,-0.0080319,0.0104032,0.767304,0.00137582,2.4132
z10to20,8,3,25,0.194332,0.000572412,-0.00344868,0.000572412,-6.02481,-0.00794087,-0.0073121,0.0095944,0.720299,0.00144031,2.34919
z20to30,8,3,25,0.209948,0.000720608,-0.00770791,0.000720608,-10.6964,-0.0177481,-0.0163428,0.0162655,0.981423,0.000686216,0.360954
z30to45,8,3,25,0.23625,0.00085381,-0.0129383,0.00085381,-15.1536,-0.0297915,-0.0274326,0.0248155,0.928105,0.00230752,2.96472
z45to60,8,3,25,0.332919,0.00235338,-0.0183899,0.00235338,-7.81425,-0.0423443,-0.0389915,0.042422,0.600255,0.0103362,6.77753
