variant,N,E_min,E_max,b0@E0,db0,m_lnE,dm_lnE,z_m,m_per_decade,Delta_b_fit,Delta_b_data,R2w,RMSEw,chi2_ndf
z00to02,8,3,25,0.183276,0.000682335,-0.00723757,0.000682335,-10.6071,-0.0166651,-0.0153455,0.0177558,0.888359,0.00164692,2.35653
z02to04,8,3,25,0.183684,0.000692995,-0.00780999,0.000692995,-11.2699,-0.0179832,-0.0165592,0.0196775,0.947105,0.00115936,1.18225
z04to06,8,3,25,0.184058,0.000705204,-0.00776708,0.000705204,-11.0139,-0.0178844,-0.0164682,0.0240071,0.772116,0.00262167,5.96713
z06to08,8,3,25,0.17882,0.000656255,-0.00537814,0.000656255,-8.1952,-0.0123836,-0.0114031,0.0130479,0.880218,0.00129502,1.52325
z08to10,8,3,25,0.18035,0.000676854,-0.00616397,0.000676854,-9.10681,-0.0141931,-0.0130692,0.0179353,0.786254,0.00205645,3.75764
