variant,N,E_min,E_max,b0@E0,db0,m_lnE,dm_lnE,z_m,m_per_decade,Delta_b_fit,Delta_b_data,R2w,RMSEw,chi2_ndf
z00to10,8,3,25,0.191967,0.000381827,-0.00378556,0.000381827,-9.91432,-0.00871657,-0.00802638,0.00982791,0.88188,0.000911444,2.19426
z10to20,8,3,25,0.193749,0.000391976,-0.00323549,0.000391976,-8.25431,-0.00744999,-0.00686009,0.0074675,0.910175,0.000686792,1.12068
z20to30,8,3,25,0.208897,0.000495886,-0.00734329,0.000495886,-14.8084,-0.0169086,-0.0155697,0.0155046,0.971803,0.000809924,1.06044
z30to45,8,3,25,0.236323,0.00059774,-0.0130459,0.00059774,-21.8254,-0.0300394,-0.0276608,0.0257323,0.979015,0.00120931,1.70177
z45to60,8,3,25,0.327885,0.00157653,-0.0168322,0.00157653,-10.6767,-0.0387575,-0.0356887,0.0367654,0.624242,0.00903539,11.4361
