variant,N,E_min,E_max,b0@E0,db0,m_lnE,dm_lnE,z_m,m_per_decade,Delta_b_fit,Delta_b_data,R2w,RMSEw,chi2_ndf
z00to10,8,3,25,0.182743,0.000450272,-0.00683918,0.000450272,-15.189,-0.0157478,-0.0145009,0.0192171,0.84293,0.00187587,7.16485
z10to20,8,3,25,0.182845,0.000450356,-0.00673847,0.000450356,-14.9625,-0.0155159,-0.0142873,0.018607,0.863555,0.00174102,5.89559
z20to30,8,3,25,0.182368,0.000475528,-0.00691627,0.000475528,-14.5444,-0.0159253,-0.0146643,0.0191468,0.880243,0.00162857,4.79668
z30to45,8,3,25,0.181149,0.000402698,-0.00697923,0.000402698,-17.3312,-0.0160703,-0.0147978,0.0165367,0.971569,0.000767451,1.46497
z45to60,8,3,25,0.178945,0.000420719,-0.00763635,0.000420719,-18.1507,-0.0175833,-0.0161911,0.0184142,0.942527,0.00121216,3.34818
