variant,N,E_min,E_max,b0@E0,db0,m_lnE,dm_lnE,z_m,m_per_decade,Delta_b_fit,Delta_b_data,R2w,RMSEw,chi2_ndf
z00to02,8,3,25,0.193575,0.00126556,-0.0041922,0.00126556,-3.31253,-0.00965289,-0.00888857,0.0114706,0.61222,0.00217973,1.15837
z02to04,8,3,25,0.193209,0.00126214,-0.00465106,0.00126214,-3.68505,-0.0107095,-0.00986146,0.0131313,0.654632,0.00217944,1.19404
z04to06,8,3,25,0.186599,0.00118361,-0.000650171,0.00118361,-0.549312,-0.00149707,-0.00137853,0.00908916,0.0338746,0.00235853,1.43432
z06to08,8,3,25,0.191075,0.00123502,-0.00330332,0.00123502,-2.67471,-0.00760618,-0.00700392,0.0108158,0.60375,0.00176213,0.782553
z08to10,8,3,25,0.194744,0.00123176,-0.00597792,0.00123176,-4.85316,-0.0137647,-0.0126748,0.013683,0.776828,0.00210277,1.12775
