variant,N,E_min,E_max,b0@E0,db0,m_lnE,dm_lnE,z_m,m_per_decade,Delta_b_fit,Delta_b_data,R2w,RMSEw,chi2_ndf
z00to10,8,3,25,0.191704,0.000548437,-0.00333256,0.000548437,-6.07647,-0.00767351,-0.00706591,0.00968865,0.76038,0.00123112,1.9393
z10to20,8,3,25,0.193931,0.000567722,-0.00292968,0.000567722,-5.16042,-0.00674585,-0.0062117,0.00796254,0.734125,0.00118772,1.60741
z20to30,8,3,25,0.209918,0.000719773,-0.00757248,0.000719773,-10.5207,-0.0174363,-0.0160556,0.0172198,0.98082,0.000682054,0.360742
z30to45,8,3,25,0.237123,0.000864582,-0.0133058,0.000864582,-15.3899,-0.0306378,-0.0282118,0.0261395,0.965129,0.00159471,1.42624
z45to60,8,3,25,0.334816,0.0023365,-0.019081,0.0023365,-8.16649,-0.0439356,-0.0404567,0.0402586,0.579872,0.0112507,8.05322
