variant,N,E_min,E_max,b0@E0,db0,m_lnE,dm_lnE,z_m,m_per_decade,Delta_b_fit,Delta_b_data,R2w,RMSEw,chi2_ndf
z00to10,8,3,25,0.191097,0.000368233,-0.00360363,0.000368233,-9.78629,-0.00829766,-0.00764064,0.00886935,0.9462,0.000568191,0.90757
z10to20,8,3,25,0.193828,0.000381778,-0.00351639,0.000381778,-9.21058,-0.00809679,-0.00745568,0.00822012,0.872921,0.000907316,2.05835
z20to30,8,3,25,0.209078,0.000481286,-0.00776461,0.000481286,-16.1331,-0.0178787,-0.016463,0.0164906,0.985503,0.000610426,0.638126
z30to45,8,3,25,0.237035,0.00058461,-0.0136531,0.00058461,-23.3542,-0.0314374,-0.0289482,0.0270542,0.979624,0.00124355,1.8908
z45to60,8,3,25,0.333942,0.00159631,-0.0180551,0.00159631,-11.3105,-0.0415735,-0.0382816,0.040449,0.632497,0.00953087,12.3884
