variant,N,E_min,E_max,b0@E0,db0,m_lnE,dm_lnE,z_m,m_per_decade,Delta_b_fit,Delta_b_data,R2w,RMSEw,chi2_ndf
z00to10,8,3,25,0.183245,0.0003171,-0.00702968,0.0003171,-22.1686,-0.0161864,-0.0149048,0.0195123,0.867482,0.00174157,12.5124
z10to20,8,3,25,0.183556,0.000315955,-0.00709338,0.000315955,-22.4506,-0.0163331,-0.0150398,0.0189071,0.887304,0.00164117,10.6694
z20to30,8,3,25,0.182132,0.000329593,-0.00700477,0.000329593,-21.2528,-0.0161291,-0.014852,0.0190549,0.888777,0.00158632,9.42069
z30to45,8,3,25,0.180964,0.000282582,-0.00706893,0.000282582,-25.0155,-0.0162768,-0.014988,0.0178366,0.941782,0.00112074,6.44725
z45to60,8,3,25,0.178798,0.00029479,-0.00747186,0.00029479,-25.3464,-0.0172046,-0.0158423,0.0180709,0.950315,0.00109711,5.59803
