series,variant,residual,E,mu,dmu,sigma,dsigma
0,no corr, cluster,eta,3,2.12636e-05,1.8703e-05,0.00434385,1.3225e-05
0,no corr, cluster,eta,5,1.74978e-05,1.74847e-05,0.00413578,1.23635e-05
0,no corr, cluster,eta,7,-9.50988e-06,1.65153e-05,0.00405039,1.16781e-05
0,no corr, cluster,eta,9,-1.6649e-05,1.61519e-05,0.00403106,1.14211e-05
0,no corr, cluster,eta,11,-3.38491e-05,1.59589e-05,0.00399154,1.12846e-05
0,no corr, cluster,eta,13.5,3.44939e-06,1.29982e-05,0.00396828,9.19111e-06
0,no corr, cluster,eta,17.5,-9.59465e-06,9.97753e-06,0.00392661,7.05518e-06
0,no corr, cluster,eta,25,-2.48712e-05,6.78204e-06,0.00379194,4.79562e-06
