series,variant,residual,E,mu,dmu,sigma,dsigma
0,no corr, cluster,phi,3,-0.000212487,1.85297e-05,0.00430359,1.31025e-05
0,no corr, cluster,phi,5,-7.45666e-05,1.76612e-05,0.00417754,1.24884e-05
0,no corr, cluster,phi,7,-7.11744e-05,1.67255e-05,0.00410195,1.18267e-05
0,no corr, cluster,phi,9,-0.000110635,1.67456e-05,0.00417922,1.18409e-05
0,no corr, cluster,phi,11,-8.56099e-05,1.7194e-05,0.00430046,1.2158e-05
0,no corr, cluster,phi,13.5,-4.81358e-05,1.44711e-05,0.00441796,1.02326e-05
0,no corr, cluster,phi,17.5,4.84575e-05,1.11948e-05,0.00440564,7.91588e-06
0,no corr, cluster,phi,25,-3.66591e-05,7.29903e-06,0.004081,5.1612e-06
