series,variant,residual,E,mu,dmu,sigma,dsigma
0,no corr, cluster,phi,3,-0.00177068,1.8714e-05,0.0043489,1.32328e-05
0,no corr, cluster,phi,5,-0.00134113,1.77287e-05,0.00419043,1.25361e-05
0,no corr, cluster,phi,7,-0.00111572,1.68331e-05,0.00412665,1.19028e-05
0,no corr, cluster,phi,9,-0.000899477,1.68151e-05,0.00420004,1.18901e-05
0,no corr, cluster,phi,11,-0.000672888,1.7246e-05,0.00431897,1.21948e-05
0,no corr, cluster,phi,13.5,-0.000465743,1.44962e-05,0.00442982,1.02504e-05
0,no corr, cluster,phi,17.5,-0.000186711,1.1196e-05,0.00440932,7.91675e-06
0,no corr, cluster,phi,25,-3.04146e-05,7.29345e-06,0.00408079,5.15725e-06
