series,variant,residual,E,mu,dmu,sigma,dsigma
0,no corr, cluster,eta,3,-0.000163158,0.000479522,0.0046738,0.000339073
0,no corr, cluster,eta,5,0.0008,0.000443457,0.004207,0.000313572
0,no corr, cluster,eta,7,-0.000166667,0.000386012,0.00401156,0.000272952
0,no corr, cluster,eta,9,-0.00062381,0.000403094,0.00413048,0.00028503
0,no corr, cluster,eta,11,0.000383495,0.000377344,0.00382963,0.000266823
0,no corr, cluster,eta,13.5,-0.000385906,0.000333217,0.00406744,0.00023562
0,no corr, cluster,eta,17.5,-0.000295181,0.00025446,0.00401531,0.00017993
0,no corr, cluster,eta,25,-0.00016075,0.00016324,0.00367562,0.000115428
