series,variant,residual,E,mu,dmu,sigma,dsigma
0,no corr, cluster,phi,3,-0.00144737,0.000479697,0.00467551,0.000339197
0,no corr, cluster,phi,5,-0.00142222,0.000469365,0.00445278,0.000331891
0,no corr, cluster,phi,7,-0.00075,0.000374771,0.00389474,0.000265003
0,no corr, cluster,phi,9,-0.0010619,0.000413145,0.00423348,0.000292138
0,no corr, cluster,phi,11,-0.000616505,0.00038403,0.00389747,0.00027155
0,no corr, cluster,phi,13.5,-0.000177852,0.000362201,0.00442122,0.000256115
0,no corr, cluster,phi,17.5,1.80723e-05,0.000267609,0.0042228,0.000189228
0,no corr, cluster,phi,25,-0.000348126,0.00017401,0.00391812,0.000123044
