variant,N,E_min,E_max,b0@E0,db0,m_lnE,dm_lnE,z_m,m_per_decade,Delta_b_fit,Delta_b_data,R2w,RMSEw,chi2_ndf
etaCore,8,3,25,0.182435,0.000468404,-0.00641126,0.000280129,-22.8869,-0.0147625,-0.0135936,0.0163401,0.943957,0.000985342,5.1831
etaMid,8,3,25,0.180212,0.000307544,-0.00731751,0.000184359,-39.6916,-0.0168492,-0.015515,0.0183622,0.94447,0.00113434,15.4377
etaEdge,8,3,25,0.179217,0.000415761,-0.00670099,0.000253263,-26.4587,-0.0154296,-0.0142079,0.0176609,0.892301,0.00154811,14.0826
fullEta,8,3,25,0.180448,0.000218422,-0.00690133,0.000131416,-52.5151,-0.0158909,-0.0146326,0.0176114,0.935476,0.00116792,31.7034
originalEta,8,3,25,0.179262,0.000207442,-0.00633204,0.000125627,-50.4035,-0.0145801,-0.0134256,0.0163437,0.922746,0.00119452,35.4496
