variant,N,E_min,E_max,b0@E0,db0,m_lnE,dm_lnE,z_m,m_per_decade,Delta_b_fit,Delta_b_data,R2w,RMSEw,chi2_ndf
z00to10,8,3,25,0.180945,0.000491346,-0.00648973,0.00029454,-22.0334,-0.0149432,-0.0137599,0.0173693,0.884113,0.00150996,10.6057
z10to20,8,3,25,0.181509,0.000487072,-0.00660484,0.000294254,-22.446,-0.0152082,-0.014004,0.017662,0.875599,0.0016329,11.9302
z20to30,8,3,25,0.179516,0.000498488,-0.00612282,0.000301824,-20.2861,-0.0140983,-0.012982,0.0167435,0.884042,0.00144535,8.99646
z30to45,8,3,25,0.178632,0.000424591,-0.00631134,0.000257243,-24.5345,-0.0145324,-0.0133817,0.0156637,0.929296,0.00113114,7.63293
z45to60,8,3,25,0.176339,0.000436711,-0.00630786,0.000267013,-23.6238,-0.0145244,-0.0133743,0.0151207,0.952157,0.000930298,4.67365
z60to100,8,3,25,0.17333,0.000304295,-0.00739181,0.000191365,-38.6268,-0.0170203,-0.0156726,0.0183837,0.882298,0.00182876,33.1737
z100to150,8,3,25,0.16282,0.000336876,-0.00915901,0.000233724,-39.1873,-0.0210894,-0.0194195,0.0224887,0.797562,0.00325092,64.963
