variant,N,E_min,E_max,b0@E0,db0,m_lnE,dm_lnE,z_m,m_per_decade,Delta_b_fit,Delta_b_data,R2w,RMSEw,chi2_ndf
etaCore,8,3,25,0.201334,0.000634146,-0.00463512,0.000382107,-12.1304,-0.0106728,-0.00982767,0.0105845,0.895939,0.00103291,2.84847
etaMid,8,3,25,0.224164,0.000577631,-0.0110396,0.000339478,-32.5192,-0.0254195,-0.0234068,0.0230734,0.958613,0.00146776,7.60941
etaEdge,8,3,25,0.226535,0.000873022,-0.00435031,0.000536545,-8.10801,-0.010017,-0.0092238,0.00818713,0.877297,0.00113636,1.53245
fullEta,8,3,25,0.218434,0.000386386,-0.00798655,0.000230746,-34.6118,-0.0183897,-0.0169336,0.0168259,0.967965,0.000952713,6.60793
originalEta,8,3,25,0.216717,0.000372028,-0.00577659,0.000225529,-25.6135,-0.0133011,-0.0122479,0.0122455,0.950659,0.000883925,5.67502
