variant,N,E_min,E_max,b0@E0,db0,m_lnE,dm_lnE,z_m,m_per_decade,Delta_b_fit,Delta_b_data,R2w,RMSEw,chi2_ndf
z00to02,8,3,25,0.182055,0.000974657,-0.00674447,0.000974657,-6.91984,-0.0155297,-0.0143,0.0146095,0.824977,0.00200781,1.69315
z02to04,8,3,25,0.183549,0.00102277,-0.00803866,0.00102277,-7.85972,-0.0185097,-0.0170441,0.0226595,0.864514,0.00194653,1.61356
z04to06,8,3,25,0.184191,0.00104431,-0.00742982,0.00104431,-7.11457,-0.0171078,-0.0157532,0.0240381,0.718266,0.00285543,3.30902
z06to08,8,3,25,0.179096,0.000965516,-0.00536738,0.000965516,-5.55908,-0.0123588,-0.0113803,0.0133442,0.785553,0.00181172,1.40605
z08to10,8,3,25,0.181116,0.000992265,-0.00692472,0.000992265,-6.9787,-0.0159448,-0.0146822,0.0175392,0.866602,0.00170844,1.24947
