variant,N,E_min,E_max,b0@E0,db0,m_lnE,dm_lnE,z_m,m_per_decade,Delta_b_fit,Delta_b_data,R2w,RMSEw,chi2_ndf
z00to02,8,3,25,0.18332,0.00102977,-0.00647093,0.00102977,-6.28384,-0.0148999,-0.0137201,0.0139971,0.861231,0.0016789,1.06041
z02to04,8,3,25,0.184891,0.00107409,-0.00842851,0.00107409,-7.84712,-0.0194074,-0.0178707,0.02439,0.841682,0.00221561,1.93042
z04to06,8,3,25,0.184181,0.00109157,-0.00681447,0.00109157,-6.24279,-0.0156909,-0.0144485,0.0250595,0.620731,0.00326803,3.96872
z06to08,8,3,25,0.181,0.00102852,-0.00577928,0.00102852,-5.619,-0.0133073,-0.0122536,0.0166338,0.725278,0.00226187,1.99322
z08to10,8,3,25,0.181867,0.00105506,-0.00664813,0.00105506,-6.30117,-0.0153079,-0.0140958,0.0198724,0.747869,0.00239134,2.23096
