variant,N,E_min,E_max,b0@E0,db0,m_lnE,dm_lnE,z_m,m_per_decade,Delta_b_fit,Delta_b_data,R2w,RMSEw,chi2_ndf
z00to10,8,3,25,0.183057,0.000669309,-0.0066354,0.000669309,-9.91381,-0.0152786,-0.0140688,0.019248,0.783963,0.00219495,4.51401
z10to20,8,3,25,0.182694,0.000663395,-0.00685703,0.000663395,-10.3363,-0.0157889,-0.0145387,0.0201219,0.817403,0.00206486,3.97772
z20to30,8,3,25,0.182955,0.000690399,-0.00783167,0.000690399,-11.3437,-0.0180331,-0.0166052,0.0225086,0.845129,0.00209979,3.93009
z30to45,8,3,25,0.179855,0.000548792,-0.00723236,0.000548792,-13.1787,-0.0166531,-0.0153345,0.0161603,0.983635,0.000600692,0.481577
z45to60,8,3,25,0.178945,0.00055974,-0.00814541,0.00055974,-14.5521,-0.0187555,-0.0172704,0.0199936,0.929079,0.00143248,2.69416
