variant,N,E_min,E_max,b0@E0,db0,m_lnE,dm_lnE,z_m,m_per_decade,Delta_b_fit,Delta_b_data,R2w,RMSEw,chi2_ndf
z00to02,8,3,25,0.192697,0.00188137,-0.00395527,0.00188137,-2.10233,-0.00910734,-0.00838621,0.0152332,0.451481,0.00277535,0.89496
z02to04,8,3,25,0.191298,0.00181804,-0.00441894,0.00181804,-2.43061,-0.010175,-0.00936933,0.01418,0.549526,0.00255858,0.807165
z04to06,8,3,25,0.193076,0.0018622,-0.00248982,0.0018622,-1.33703,-0.00573302,-0.00527907,0.00974771,0.291685,0.00258066,0.72351
z06to08,8,3,25,0.196383,0.00194953,-0.00480572,0.00194953,-2.46506,-0.0110656,-0.0101894,0.016883,0.549823,0.00276614,0.829211
z08to10,8,3,25,0.201395,0.00205261,-0.00605599,0.00205261,-2.95038,-0.0139444,-0.0128403,0.0201474,0.62534,0.00295761,0.869213
