variant,N,E_min,E_max,b0@E0,db0,m_lnE,dm_lnE,z_m,m_per_decade,Delta_b_fit,Delta_b_data,R2w,RMSEw,chi2_ndf
z00to10,8,3,25,0.194409,0.000557114,-0.00494446,0.000557114,-8.87514,-0.0113851,-0.0104836,0.0123351,0.924204,0.000914707,1.07665
z10to20,8,3,25,0.203796,0.00063572,-0.00426065,0.00063572,-6.70209,-0.00981051,-0.0090337,0.0111833,0.681829,0.0019458,3.49345
z20to30,8,3,25,0.22128,0.000809548,-0.00800661,0.000809548,-9.89023,-0.0184359,-0.0169761,0.0173669,0.860578,0.00213393,2.6412
z30to45,8,3,25,0.243091,0.000828089,-0.0181614,0.000828089,-21.9318,-0.0418183,-0.0385071,0.0358972,0.934847,0.00297305,5.58715
z45to60,8,3,25,0.286251,0.00130866,-0.0291383,0.00130866,-22.2657,-0.0670934,-0.0617808,0.0556581,0.959358,0.00352978,3.50041
