variant,N,E_min,E_max,b0@E0,db0,m_lnE,dm_lnE,z_m,m_per_decade,Delta_b_fit,Delta_b_data,R2w,RMSEw,chi2_ndf
z00to02,8,3,25,0.191604,0.0012871,-0.00368103,0.0012871,-2.85995,-0.0084759,-0.00780476,0.0145198,0.467066,0.00250994,1.55547
z02to04,8,3,25,0.193638,0.00126911,-0.00559726,0.00126911,-4.41038,-0.0128882,-0.0118677,0.013875,0.784526,0.0018666,0.890404
z04to06,8,3,25,0.192121,0.00128701,-0.00296203,0.00128701,-2.30148,-0.00682032,-0.00628028,0.0102438,0.52231,0.001844,0.807385
z06to08,8,3,25,0.195057,0.00130091,-0.00466042,0.00130091,-3.58242,-0.010731,-0.00988131,0.0154433,0.497211,0.00304921,2.16295
z08to10,8,3,25,0.201007,0.00137749,-0.00670408,0.00137749,-4.8669,-0.0154367,-0.0142144,0.013701,0.796674,0.00216957,1.00755
