variant,N,E_min,E_max,b0@E0,db0,m_lnE,dm_lnE,z_m,m_per_decade,Delta_b_fit,Delta_b_data,R2w,RMSEw,chi2_ndf
z00to02,8,3,25,0.183704,0.00103369,-0.00656267,0.00103369,-6.3488,-0.0151111,-0.0139146,0.0141794,0.876741,0.00158667,0.94445
z02to04,8,3,25,0.184654,0.0010694,-0.00818345,0.0010694,-7.65234,-0.0188431,-0.0173511,0.0245296,0.818709,0.00233361,2.16114
z04to06,8,3,25,0.1841,0.0010816,-0.00682828,0.0010816,-6.31314,-0.0157227,-0.0144778,0.0244934,0.633954,0.00319123,3.83547
z06to08,8,3,25,0.1811,0.00102418,-0.00584181,0.00102418,-5.70389,-0.0134513,-0.0123862,0.0171999,0.7394,0.00220833,1.91111
z08to10,8,3,25,0.182081,0.00105685,-0.00668439,0.00105685,-6.32481,-0.0153914,-0.0141727,0.0205492,0.729672,0.00251411,2.47006
