variant,N,E_min,E_max,b0@E0,db0,m_lnE,dm_lnE,z_m,m_per_decade,Delta_b_fit,Delta_b_data,R2w,RMSEw,chi2_ndf
z00to10,8,3,25,0.195134,0.000839418,-0.00511518,0.000839418,-6.09372,-0.0117781,-0.0108455,0.0141385,0.798702,0.00164843,1.5598
z10to20,8,3,25,0.203816,0.000970457,-0.00336829,0.000970457,-3.47082,-0.00775576,-0.00714165,0.0126391,0.429496,0.00258268,2.66694
z20to30,8,3,25,0.220461,0.00120624,-0.00664371,0.00120624,-5.50778,-0.0152977,-0.0140864,0.0143336,0.777376,0.00238423,1.44791
z30to45,8,3,25,0.244922,0.00123075,-0.0189362,0.00123075,-15.3858,-0.0436022,-0.0401497,0.0354038,0.91534,0.00355836,3.64912
z45to60,8,3,25,0.287169,0.00193178,-0.0293335,0.00193178,-15.1847,-0.0675429,-0.0621947,0.0561703,0.919237,0.00514912,3.37634
