variant,N,E_min,E_max,b0@E0,db0,m_lnE,dm_lnE,z_m,m_per_decade,Delta_b_fit,Delta_b_data,R2w,RMSEw,chi2_ndf
z00to02,8,3,25,0.18437,0.00147618,-0.00760807,0.00147618,-5.1539,-0.0175182,-0.0161311,0.016318,0.777638,0.00262473,1.26591
z02to04,8,3,25,0.183407,0.001514,-0.00798688,0.001514,-5.27535,-0.0183905,-0.0169343,0.020191,0.73672,0.00294486,1.65755
z04to06,8,3,25,0.183855,0.00156073,-0.00615119,0.00156073,-3.94124,-0.0141636,-0.0130421,0.0217356,0.552233,0.00347898,2.09916
z06to08,8,3,25,0.181236,0.00149516,-0.00558237,0.00149516,-3.73364,-0.0128539,-0.0118361,0.0178863,0.612002,0.00282636,1.47296
z08to10,8,3,25,0.180819,0.00151403,-0.00635684,0.00151403,-4.19861,-0.0146372,-0.0134782,0.0224948,0.471131,0.00417069,3.29812
