variant,N,E_min,E_max,b0@E0,db0,m_lnE,dm_lnE,z_m,m_per_decade,Delta_b_fit,Delta_b_data,R2w,RMSEw,chi2_ndf
z00to10,8,3,25,0.182189,0.000444471,-0.00698916,0.000444471,-15.7247,-0.0160931,-0.0148189,0.0182195,0.903894,0.00143597,4.38171
z10to20,8,3,25,0.183309,0.000442184,-0.00762556,0.000442184,-17.2452,-0.0175585,-0.0161682,0.0203031,0.88979,0.00172976,6.1393
z20to30,8,3,25,0.180456,0.000451281,-0.00710902,0.000451281,-15.753,-0.0163691,-0.015073,0.0187075,0.919603,0.00134377,3.61586
z30to45,8,3,25,0.178678,0.000372039,-0.00718098,0.000372039,-19.3017,-0.0165348,-0.0152256,0.0167468,0.955414,0.000994824,2.89765
z45to60,8,3,25,0.177586,0.000378107,-0.00776287,0.000378107,-20.5309,-0.0178747,-0.0164593,0.0187321,0.957765,0.00104164,3.09793
