variant,N,E_min,E_max,b0@E0,db0,m_lnE,dm_lnE,z_m,m_per_decade,Delta_b_fit,Delta_b_data,R2w,RMSEw,chi2_ndf
z00to10,8,3,25,0.194824,0.000578502,-0.00477946,0.000578502,-8.26178,-0.0110051,-0.0101337,0.0127393,0.885376,0.00110802,1.4728
z10to20,8,3,25,0.20303,0.000654336,-0.00352546,0.000654336,-5.38785,-0.00811767,-0.00747491,0.00979808,0.630301,0.00180622,2.83778
z20to30,8,3,25,0.220597,0.000830776,-0.00742309,0.000830776,-8.93513,-0.0170923,-0.0157389,0.017152,0.884318,0.00177341,1.74063
z30to45,8,3,25,0.240859,0.000834827,-0.0165692,0.000834827,-19.8475,-0.038152,-0.035131,0.031241,0.932184,0.00280411,4.77631
z45to60,8,3,25,0.283164,0.00131206,-0.0265351,0.00131206,-20.2239,-0.0610992,-0.0562613,0.0500212,0.929573,0.00442751,5.16459
