variant,N,E_min,E_max,b0@E0,db0,m_lnE,dm_lnE,z_m,m_per_decade,Delta_b_fit,Delta_b_data,R2w,RMSEw,chi2_ndf
z00to10,8,3,25,0.183209,0.000670636,-0.00693373,0.000670636,-10.339,-0.0159655,-0.0147013,0.0186061,0.874165,0.00165814,2.56459
z10to20,8,3,25,0.183358,0.000666941,-0.00707574,0.000666941,-10.6092,-0.0162925,-0.0150024,0.0201339,0.804161,0.00223921,4.5685
z20to30,8,3,25,0.182738,0.000686723,-0.00763953,0.000686723,-11.1246,-0.0175907,-0.0161978,0.0197109,0.891049,0.00169766,2.52202
z30to45,8,3,25,0.178888,0.000551338,-0.00663095,0.000551338,-12.027,-0.0152683,-0.0140594,0.0155896,0.968827,0.000767855,0.775702
z45to60,8,3,25,0.17943,0.000566709,-0.00841549,0.000566709,-14.8497,-0.0193774,-0.0178431,0.0204556,0.947391,0.00125589,2.04087
