variant,N,E_min,E_max,b0@E0,db0,m_lnE,dm_lnE,z_m,m_per_decade,Delta_b_fit,Delta_b_data,R2w,RMSEw,chi2_ndf
z00to10,8,3,25,0.182191,0.000444433,-0.00699322,0.000444433,-15.7352,-0.0161025,-0.0148275,0.0182349,0.904043,0.00143535,4.38004
z10to20,8,3,25,0.183321,0.000442137,-0.00763424,0.000442137,-17.2667,-0.0175785,-0.0161866,0.0203176,0.890785,0.00172272,6.09222
z20to30,8,3,25,0.180436,0.000451113,-0.00709443,0.000451113,-15.7265,-0.0163355,-0.0150421,0.018677,0.919236,0.00134459,3.62164
z30to45,8,3,25,0.178672,0.000371984,-0.00717909,0.000371984,-19.2995,-0.0165305,-0.0152216,0.0167529,0.954272,0.00100774,2.97475
z45to60,8,3,25,0.17756,0.000377979,-0.00774659,0.000377979,-20.4948,-0.0178372,-0.0164248,0.0186721,0.957987,0.00103673,3.07018
