variant,N,E_min,E_max,b0@E0,db0,m_lnE,dm_lnE,z_m,m_per_decade,Delta_b_fit,Delta_b_data,R2w,RMSEw,chi2_ndf
z00to02,8,3,25,0.192956,0.00125196,-0.00439738,0.00125196,-3.51239,-0.0101253,-0.00932361,0.0141914,0.630669,0.00215586,1.20412
z02to04,8,3,25,0.193612,0.00122535,-0.00620183,0.00122535,-5.06128,-0.0142803,-0.0131495,0.0164576,0.857529,0.00160292,0.70933
z04to06,8,3,25,0.191009,0.0012404,-0.00260537,0.0012404,-2.10042,-0.00599909,-0.00552407,0.0108346,0.35104,0.00231563,1.35933
z06to08,8,3,25,0.194165,0.00123927,-0.00443642,0.00123927,-3.57988,-0.0102152,-0.00940638,0.00996784,0.798726,0.00146908,0.538238
z08to10,8,3,25,0.199903,0.00132524,-0.00688511,0.00132524,-5.19535,-0.0158535,-0.0145982,0.0134988,0.871727,0.00168199,0.661965
