variant,N,E_min,E_max,b0@E0,db0,m_lnE,dm_lnE,z_m,m_per_decade,Delta_b_fit,Delta_b_data,R2w,RMSEw,chi2_ndf
z00to10,8,3,25,0.195177,0.000845033,-0.0044398,0.000845033,-5.254,-0.010223,-0.00941356,0.0129501,0.777074,0.00152856,1.31986
z10to20,8,3,25,0.20436,0.000966951,-0.00375571,0.000966951,-3.88407,-0.00864784,-0.0079631,0.0146639,0.485734,0.00254907,2.66204
z20to30,8,3,25,0.222596,0.00122391,-0.00782032,0.00122391,-6.38961,-0.018007,-0.0165811,0.016132,0.93582,0.00134413,0.466663
z30to45,8,3,25,0.245072,0.00124419,-0.0186916,0.00124419,-15.0231,-0.043039,-0.0396311,0.0367256,0.953306,0.00252893,1.84243
z45to60,8,3,25,0.291541,0.00197427,-0.0312576,0.00197427,-15.8325,-0.0719734,-0.0662744,0.0584553,0.928403,0.00505052,3.22184
