variant,N,E_min,E_max,b0@E0,db0,m_lnE,dm_lnE,z_m,m_per_decade,Delta_b_fit,Delta_b_data,R2w,RMSEw,chi2_ndf
z00to02,8,3,25,0.191206,0.00184136,-0.00369576,0.00184136,-2.00707,-0.0085098,-0.00783598,0.0123166,0.429502,0.00274317,0.891795
z02to04,8,3,25,0.193054,0.0018273,-0.00570034,0.0018273,-3.11953,-0.0131255,-0.0120862,0.0145581,0.535712,0.00339283,1.40567
z04to06,8,3,25,0.190288,0.00185717,-0.00184046,0.00185717,-0.991003,-0.00423782,-0.00390227,0.00908069,0.271185,0.00197797,0.439896
z06to08,8,3,25,0.197627,0.00194974,-0.00602857,0.00194974,-3.09198,-0.0138813,-0.0127822,0.020217,0.513057,0.003728,1.51228
z08to10,8,3,25,0.202707,0.00202823,-0.00808684,0.00202823,-3.98715,-0.0186206,-0.0171462,0.0216196,0.785757,0.00264883,0.722425
